Product ID,Product Name,Brand Link
308462959,Tesco Adult Dog Select In Jelly 12 X 400G,https://www.tesco.com/groceries/en-GB/shop/pets/all?brand=Tesco%20Pet&viewAll=brand&page=
308481592,T.Adult Dog Food Mixed Select In Jelly 6X400g,https://www.tesco.com/groceries/en-GB/shop/pets/all?brand=Tesco%20Pet&viewAll=brand&page=
274776111,Tesco Chunks In Jelly Chicken Tinned Dog Food 400G,https://www.tesco.com/groceries/en-GB/shop/pets/all?brand=Tesco%20Pet&viewAll=brand&page=
308480316,Tesco Adult Cat Poultry Selection In Jelly 6X400g,https://www.tesco.com/groceries/en-GB/shop/pets/all?brand=Tesco%20Pet&viewAll=brand&page=
279626921,Tesco Dog Poop Bags 75'S,https://www.tesco.com/groceries/en-GB/shop/pets/all?brand=Tesco%20Pet&viewAll=brand&page=
308492734,Tesco Adult Cat Food Mixed Selection In Jelly 12X100g,https://www.tesco.com/groceries/en-GB/shop/pets/all?brand=Tesco%20Pet&viewAll=brand&page=
308485708,Tesco Adult Cat 12X100g Fish Select In Jelly,https://www.tesco.com/groceries/en-GB/shop/pets/all?brand=Tesco%20Pet&viewAll=brand&page=
262681114,Tesco Lightweight Cat Litter 10 Litres,https://www.tesco.com/groceries/en-GB/shop/pets/all?brand=Tesco%20Pet&viewAll=brand&page=
261418821,Tesco Luxury Salami Dog Treats 5 X 11G,https://www.tesco.com/groceries/en-GB/shop/pets/all?brand=Tesco%20Pet&viewAll=brand&page=
273668293,Tesco Meaty Treats With Chicken Beef & Liver 135G,https://www.tesco.com/groceries/en-GB/shop/pets/all?brand=Tesco%20Pet&viewAll=brand&page=
260278411,Tesco 4 Sausages Treats With Beef & Game 70G,https://www.tesco.com/groceries/en-GB/shop/pets/all?brand=Tesco%20Pet&viewAll=brand&page=
273668212,Tesco 7 Dental Sticks Smaller Dogs 110G,https://www.tesco.com/groceries/en-GB/shop/pets/all?brand=Tesco%20Pet&viewAll=brand&page=
305833930,Tesco Milk For Milk For Cats 200Ml,https://www.tesco.com/groceries/en-GB/shop/pets/all?brand=Tesco%20Pet&viewAll=brand&page=
296983340,Tesco 8 Twirl Stick Dog Treats With Chicken 140G,https://www.tesco.com/groceries/en-GB/shop/pets/all?brand=Tesco%20Pet&viewAll=brand&page=
255261259,Tesco 7 Dental Sticks Medium Dog 180G,https://www.tesco.com/groceries/en-GB/shop/pets/all?brand=Tesco%20Pet&viewAll=brand&page=
273674763,Tesco 7 Dental Sticks For Large Dogs 270G,https://www.tesco.com/groceries/en-GB/shop/pets/all?brand=Tesco%20Pet&viewAll=brand&page=
278755677,Tesco Meaty Strips Rich In Beef 200G,https://www.tesco.com/groceries/en-GB/shop/pets/all?brand=Tesco%20Pet&viewAll=brand&page=
255193126,Tesco Meaty Strips For Dogs Chicken 200G,https://www.tesco.com/groceries/en-GB/shop/pets/all?brand=Tesco%20Pet&viewAll=brand&page=
308107081,Tesco Tasty Treats Gravy Bites With Beef 500G,https://www.tesco.com/groceries/en-GB/shop/pets/all?brand=Tesco%20Pet&viewAll=brand&page=
261252457,Tesco Meaty Rolls Treats 500G,https://www.tesco.com/groceries/en-GB/shop/pets/all?brand=Tesco%20Pet&viewAll=brand&page=
308470893,Tesco Adult Cat Fish Selection In Jelly 6X400g,https://www.tesco.com/groceries/en-GB/shop/pets/all?brand=Tesco%20Pet&viewAll=brand&page=
254905848,Tesco Premium Complete Dog Food Chicken & Country Vegetable 3Kg,https://www.tesco.com/groceries/en-GB/shop/pets/all?brand=Tesco%20Pet&viewAll=brand&page=
305831811,Tesco Milk For Kittens 200Ml,https://www.tesco.com/groceries/en-GB/shop/pets/all?brand=Tesco%20Pet&viewAll=brand&page=
307743440,Tesco Wild Bird Suet Balls 10 Pack,https://www.tesco.com/groceries/en-GB/shop/pets/all?brand=Tesco%20Pet&viewAll=brand&page=
302663339,Good Boy Antibacterial Degradable Poo Bags X 100,https://www.tesco.com/groceries/en-GB/shop/pets/all?brand=Good%20Boy&viewAll=brand&page=
287318652,Good Boy Chewy Chick Twists 70G,https://www.tesco.com/groceries/en-GB/shop/pets/all?brand=Good%20Boy&viewAll=brand&page=
287318813,Good Boy Chewy Chicken Strips 80G,https://www.tesco.com/groceries/en-GB/shop/pets/all?brand=Good%20Boy&viewAll=brand&page=
305519940,Good Boy Dog Treats Pigs In Blankets 80G,https://www.tesco.com/groceries/en-GB/shop/pets/all?brand=Good%20Boy&viewAll=brand&page=
311944922,Good Boy Chicken & Rice Sticks Dog Treats 300G,https://www.tesco.com/groceries/en-GB/shop/pets/all?brand=Good%20Boy&viewAll=brand&page=
311955713,Good Boy Cheesy Chicken Sticks Dog Treats 250G,https://www.tesco.com/groceries/en-GB/shop/pets/all?brand=Good%20Boy&viewAll=brand&page=
305255018,Good Boy Dog Treats Jumbo Chicken & Carrot Stick 100G,https://www.tesco.com/groceries/en-GB/shop/pets/all?brand=Good%20Boy&viewAll=brand&page=
303036644,Good Boy Tripe Filled Bone Dog Treat,https://www.tesco.com/groceries/en-GB/shop/pets/all?brand=Good%20Boy&viewAll=brand&page=
307735162,Good Boy Wagtastic Large Chewy Braid 80G,https://www.tesco.com/groceries/en-GB/shop/pets/all?brand=Good%20Boy&viewAll=brand&page=
268533287,Good Boy Chewy Chicken Dumbbells 90G,https://www.tesco.com/groceries/en-GB/shop/pets/all?brand=Good%20Boy&viewAll=brand&page=
268532674,Good Boy Meat Treat Beef Jerky 80G,https://www.tesco.com/groceries/en-GB/shop/pets/all?brand=Good%20Boy&viewAll=brand&page=
305967529,Good Boy Chicken & Rice Sticks Dog Treats 70G,https://www.tesco.com/groceries/en-GB/shop/pets/all?brand=Good%20Boy&viewAll=brand&page=
307747706,Good Boy Wagtastic Chewy Chicken & Carrot 70G,https://www.tesco.com/groceries/en-GB/shop/pets/all?brand=Good%20Boy&viewAll=brand&page=
305524081,Good Boy Wagtastic Cheesy Chicken Sticks 70G,https://www.tesco.com/groceries/en-GB/shop/pets/all?brand=Good%20Boy&viewAll=brand&page=
309751231,Good Boy Superlicious Chicken Broccoli Sticks 100G,https://www.tesco.com/groceries/en-GB/shop/pets/all?brand=Good%20Boy&viewAll=brand&page=
309197437,Good Boy Chompers Treats Dinosaur 60G,https://www.tesco.com/groceries/en-GB/shop/pets/all?brand=Good%20Boy&viewAll=brand&page=
305733271,Good Boy Wagtastic Chicken & Carrot Sticks 320G,https://www.tesco.com/groceries/en-GB/shop/pets/all?brand=Good%20Boy&viewAll=brand&page=
268532772,Good Boy Meat Treat Chicken Breast Fillet,https://www.tesco.com/groceries/en-GB/shop/pets/all?brand=Good%20Boy&viewAll=brand&page=
309786466,Good Boy Wagtastic Chewy Ducktwists 70G,https://www.tesco.com/groceries/en-GB/shop/pets/all?brand=Good%20Boy&viewAll=brand&page=
309747156,Good Boy Crunchies Chicken Dog Treats 60G,https://www.tesco.com/groceries/en-GB/shop/pets/all?brand=Good%20Boy&viewAll=brand&page=
305249314,Good Boy 3X20 Degradable Poo Bags 60 Pack,https://www.tesco.com/groceries/en-GB/shop/pets/all?brand=Good%20Boy&viewAll=brand&page=
304371164,Good Boy Crunchy Chicken & Rice Bones 70G,https://www.tesco.com/groceries/en-GB/shop/pets/all?brand=Good%20Boy&viewAll=brand&page=
309478094,Good Boy Chompers Bone Dog Treats 60G,https://www.tesco.com/groceries/en-GB/shop/pets/all?brand=Good%20Boy&viewAll=brand&page=
307736679,Good Boy Chewy Chicken & Sweet Potato Wedges 70G,https://www.tesco.com/groceries/en-GB/shop/pets/all?brand=Good%20Boy&viewAll=brand&page=
257520843,Pedigree Biscrok Gravy Bones Dog Treats Original 400G,https://www.tesco.com/groceries/en-GB/shop/pets/all?brand=Pedigree&viewAll=brand&page=
307346144,Pedigree Rodeo Duos Chicken & Bacon Dog Treats 123G,https://www.tesco.com/groceries/en-GB/shop/pets/all?brand=Pedigree&viewAll=brand&page=
284775707,Pedigree Tasty Minis Cheesy Dog Treats 140G,https://www.tesco.com/groceries/en-GB/shop/pets/all?brand=Pedigree&viewAll=brand&page=
305436381,Pedigree Jumbone Mini Chicken & Lamb Dog Chew X4 160G,https://www.tesco.com/groceries/en-GB/shop/pets/all?brand=Pedigree&viewAll=brand&page=
305434072,Pedigree Jumbone Dog Treat Beef & Poultry X4 160G,https://www.tesco.com/groceries/en-GB/shop/pets/all?brand=Pedigree&viewAll=brand&page=
305436300,Pedigree Multi Mix Schmacko Dog Treats X20 144G,https://www.tesco.com/groceries/en-GB/shop/pets/all?brand=Pedigree&viewAll=brand&page=
305438298,Pedigree Rodeo Dog Treats Chicken 7 Sticks 123G,https://www.tesco.com/groceries/en-GB/shop/pets/all?brand=Pedigree&viewAll=brand&page=
305435059,Pedigree Jumbone Dog Treat Beef & Poultry X2 180G,https://www.tesco.com/groceries/en-GB/shop/pets/all?brand=Pedigree&viewAll=brand&page=
257985119,Pedigree Medium Dog Dentastix Treats 28 Sticks 720G,https://www.tesco.com/groceries/en-GB/shop/pets/all?brand=Pedigree&viewAll=brand&page=
284776159,Pedigree Tasty Minis Dog Treat Chewy Cubes 130G,https://www.tesco.com/groceries/en-GB/shop/pets/all?brand=Pedigree&viewAll=brand&page=
305432039,Pedigree Jumbone Chicken & Lamb Dog Chew X2 180G,https://www.tesco.com/groceries/en-GB/shop/pets/all?brand=Pedigree&viewAll=brand&page=
253225519,Pedigree Small Dog Dentastix Treat 7 Sticks 110G,https://www.tesco.com/groceries/en-GB/shop/pets/all?brand=Pedigree&viewAll=brand&page=
305429764,Pedigree Rodeo Dog Treats Beef 7 Sticks 123G,https://www.tesco.com/groceries/en-GB/shop/pets/all?brand=Pedigree&viewAll=brand&page=
255948029,Pedigree Markies Marrowbone Biscuits Dog Treats 500G,https://www.tesco.com/groceries/en-GB/shop/pets/all?brand=Pedigree&viewAll=brand&page=
273888320,Pedigree Denta Tubo Puppy Dog Treat 3 Stick 72G,https://www.tesco.com/groceries/en-GB/shop/pets/all?brand=Pedigree&viewAll=brand&page=
309164148,Pedigree Medium 5 Dentastix Dog Treats 128G,https://www.tesco.com/groceries/en-GB/shop/pets/all?brand=Pedigree&viewAll=brand&page=
284775990,Pedigree Chewy Tasty Minis Dog Treats 155G,https://www.tesco.com/groceries/en-GB/shop/pets/all?brand=Pedigree&viewAll=brand&page=
262974690,Pedigree Can Meaty Meals In Jelly 6 X 400G,https://www.tesco.com/groceries/en-GB/shop/pets/all?brand=Pedigree&viewAll=brand&page=
284830147,Pedigree Pouch Real Meals In Gravy Pack 12X100g,https://www.tesco.com/groceries/en-GB/shop/pets/all?brand=Pedigree&viewAll=brand&page=
295226921,Pedigree Puppy Tasty Bites Chicken 125G,https://www.tesco.com/groceries/en-GB/shop/pets/all?brand=Pedigree&viewAll=brand&page=
251280058,Pedigree Adult Cuts In Gravy Multi Pack 6 X 400G,https://www.tesco.com/groceries/en-GB/shop/pets/all?brand=Pedigree&viewAll=brand&page=
251280012,Pedigree Adult Cuts In Jelly Multi Pack 6 X 385G,https://www.tesco.com/groceries/en-GB/shop/pets/all?brand=Pedigree&viewAll=brand&page=
284830084,Pedigree Pouch Favourites In Jelly 12X100g,https://www.tesco.com/groceries/en-GB/shop/pets/all?brand=Pedigree&viewAll=brand&page=
305050053,Pedigree Poultry Mix Schmackos 20 Pack 144G,https://www.tesco.com/groceries/en-GB/shop/pets/all?brand=Pedigree&viewAll=brand&page=
284776355,Whiskas Pouch Jelly Poultry 40X100g Pack,https://www.tesco.com/groceries/en-GB/shop/pets/all?brand=Whiskas&viewAll=brand&page=
256082665,Whiskas Cat Food 1+ Poultry Selection In Jelly 12X100g,https://www.tesco.com/groceries/en-GB/shop/pets/all?brand=Whiskas&viewAll=brand&page=
284776286,Whiskas Pouches Jelly Fisherman Choice 40X100g,https://www.tesco.com/groceries/en-GB/shop/pets/all?brand=Whiskas&viewAll=brand&page=
289131552,Whiskas Kitten Poultry In Jelly 12X100g,https://www.tesco.com/groceries/en-GB/shop/pets/all?brand=Whiskas&viewAll=brand&page=
302872409,Whiskas Cat Food 11+ Pouches Fish Selection 12X100g,https://www.tesco.com/groceries/en-GB/shop/pets/all?brand=Whiskas&viewAll=brand&page=
257579595,Whiskas Cat Food 1+ Fish Selection In Jelly 12X100g,https://www.tesco.com/groceries/en-GB/shop/pets/all?brand=Whiskas&viewAll=brand&page=
257450171,Whiskas Adult With Chicken 2 Kilograms,https://www.tesco.com/groceries/en-GB/shop/pets/all?brand=Whiskas&viewAll=brand&page=
302872421,Whiskas Cat Food 11+Poultry Selection Pouches 12X100g,https://www.tesco.com/groceries/en-GB/shop/pets/all?brand=Whiskas&viewAll=brand&page=
257504431,Whiskas Pouches Poultry Selection In Gravy 12X100g,https://www.tesco.com/groceries/en-GB/shop/pets/all?brand=Whiskas&viewAll=brand&page=
256902520,Whiskas Pouches Favourites Adult 12 X 100G,https://www.tesco.com/groceries/en-GB/shop/pets/all?brand=Whiskas&viewAll=brand&page=
293638673,Whiskas 7+ Senior Poultry Selection In Jelly 40X100g,https://www.tesco.com/groceries/en-GB/shop/pets/all?brand=Whiskas&viewAll=brand&page=
257459392,Whiskas Adult Tuna & Vegetable & Nuggets 2Kg,https://www.tesco.com/groceries/en-GB/shop/pets/all?brand=Whiskas&viewAll=brand&page=
284799748,Whiskas With Chicken 825G,https://www.tesco.com/groceries/en-GB/shop/pets/all?brand=Whiskas&viewAll=brand&page=
255709668,Whiskas Temptations Chicken & Cheese 60G,https://www.tesco.com/groceries/en-GB/shop/pets/all?brand=Whiskas&viewAll=brand&page=
257267209,Whiskas 2-12 Month Fish Selection In Jelly 12X100g,https://www.tesco.com/groceries/en-GB/shop/pets/all?brand=Whiskas&viewAll=brand&page=
262261957,Whiskas Cat Food Pouch 7+ Poultry Jelly 12X100g,https://www.tesco.com/groceries/en-GB/shop/pets/all?brand=Whiskas&viewAll=brand&page=
263383477,Whiskas Senior Fisherman Choice In Jelly 12X100g,https://www.tesco.com/groceries/en-GB/shop/pets/all?brand=Whiskas&viewAll=brand&page=
250610878,Whiskas Cat Milk 3 Pack 3X200ml,https://www.tesco.com/groceries/en-GB/shop/pets/all?brand=Whiskas&viewAll=brand&page=
291729380,Whiskas Dry Complete Chicken +7 1.9Kg,https://www.tesco.com/groceries/en-GB/shop/pets/all?brand=Whiskas&viewAll=brand&page=
284777613,Whiskas Dentabites Chicken 50G,https://www.tesco.com/groceries/en-GB/shop/pets/all?brand=Whiskas&viewAll=brand&page=
307350518,Whiskas 7+ Cat Fish Selection In Jelly 40X100g,https://www.tesco.com/groceries/en-GB/shop/pets/all?brand=Whiskas&viewAll=brand&page=
251628864,Whiskas Cat Food Pouch 7+ Poultry In Gravy 12X100g,https://www.tesco.com/groceries/en-GB/shop/pets/all?brand=Whiskas&viewAll=brand&page=
284799852,Whiskas Complete Senior With Chicken 825G,https://www.tesco.com/groceries/en-GB/shop/pets/all?brand=Whiskas&viewAll=brand&page=
263371474,Whiskas Adult Complete Duck & Turkey 2Kg,https://www.tesco.com/groceries/en-GB/shop/pets/all?brand=Whiskas&viewAll=brand&page=
266411671,Felix As Good As It Looks Senior Cat Food Fish 12 X 100G,https://www.tesco.com/groceries/en-GB/shop/pets/all?brand=Felix&viewAll=brand&page=
266411665,Felix As Good As It Looks Senior Cat Food Meat 12 X 100G,https://www.tesco.com/groceries/en-GB/shop/pets/all?brand=Felix&viewAll=brand&page=
296745132,Felix As Good As It Looks Mixed Variety Beef 12X100g,https://www.tesco.com/groceries/en-GB/shop/pets/all?brand=Felix&viewAll=brand&page=
286747442,Felix As Good As It Looks Cat Food Meat 12 X 100G,https://www.tesco.com/groceries/en-GB/shop/pets/all?brand=Felix&viewAll=brand&page=
296889416,Felix Cat Food Mixed Selection In Gravy 12X100g,https://www.tesco.com/groceries/en-GB/shop/pets/all?brand=Felix&viewAll=brand&page=
295446009,Felix Goody Bag Maxi Pack Mix Original 200G,https://www.tesco.com/groceries/en-GB/shop/pets/all?brand=Felix&viewAll=brand&page=
303205577,Felix Cat Food Soup Fish Selection 288G 6 Pack,https://www.tesco.com/groceries/en-GB/shop/pets/all?brand=Felix&viewAll=brand&page=
278502073,Felix Crispies Salmon & Trout 45G,https://www.tesco.com/groceries/en-GB/shop/pets/all?brand=Felix&viewAll=brand&page=
255534968,Felix Cat Food Mixed Selection In Jelly 12X100g,https://www.tesco.com/groceries/en-GB/shop/pets/all?brand=Felix&viewAll=brand&page=
303205554,Felix Soup Cat Food Farm Selection 288G 6 Pack,https://www.tesco.com/groceries/en-GB/shop/pets/all?brand=Felix&viewAll=brand&page=
308863336,Felix Soup Tender Strips Meat Selection Cat Food 6X48g,https://www.tesco.com/groceries/en-GB/shop/pets/all?brand=Felix&viewAll=brand&page=
272980753,Felix Goody Bag Mixed Grill 60G,https://www.tesco.com/groceries/en-GB/shop/pets/all?brand=Felix&viewAll=brand&page=
264249296,Felix As Good As It Looks Kitten Jelly 12X100g,https://www.tesco.com/groceries/en-GB/shop/pets/all?brand=Felix&viewAll=brand&page=
278501961,Felix As Good As It Looks Senior Mixed In Jelly 12X100g,https://www.tesco.com/groceries/en-GB/shop/pets/all?brand=Felix&viewAll=brand&page=
291210180,Felix Double Delicious Ocean Selection 12X100g,https://www.tesco.com/groceries/en-GB/shop/pets/all?brand=Felix&viewAll=brand&page=
254523919,Felix Cat Food Fish Selection In Jelly 12 X 100G,https://www.tesco.com/groceries/en-GB/shop/pets/all?brand=Felix&viewAll=brand&page=
296889451,Felix Senior Mixed Selection In Jelly 12X100g,https://www.tesco.com/groceries/en-GB/shop/pets/all?brand=Felix&viewAll=brand&page=
295647083,Felix Goody Bag Maxi Pack Seaside Mix 200G,https://www.tesco.com/groceries/en-GB/shop/pets/all?brand=Felix&viewAll=brand&page=
308458367,Felix Soup Tenderstrips Fish Selection 6 X 48G,https://www.tesco.com/groceries/en-GB/shop/pets/all?brand=Felix&viewAll=brand&page=
272941230,Felix Goody Bag Seaside Mix 60G,https://www.tesco.com/groceries/en-GB/shop/pets/all?brand=Felix&viewAll=brand&page=
272980724,Felix Goody Bag Original Mix 60G,https://www.tesco.com/groceries/en-GB/shop/pets/all?brand=Felix&viewAll=brand&page=
278501990,Felix Crispies Beef & Chicken 45G,https://www.tesco.com/groceries/en-GB/shop/pets/all?brand=Felix&viewAll=brand&page=
264369793,Felix As Good As It Looks Cat Food Vegetable 12X100g,https://www.tesco.com/groceries/en-GB/shop/pets/all?brand=Felix&viewAll=brand&page=
305743799,Purina Felix Mixed Selection Tasty Shreds 12X80g,https://www.tesco.com/groceries/en-GB/shop/pets/all?brand=Felix&viewAll=brand&page=
299153418,Wagtastic Treat Chicken Bites 50G,https://www.tesco.com/groceries/en-GB/shop/pets/all?brand=Wagtastic&viewAll=brand&page=
291596799,Good Boy Wagtastic Jumbo Twist Chicken 70G,https://www.tesco.com/groceries/en-GB/shop/pets/all?brand=Wagtastic&viewAll=brand&page=
291612292,Good Boy Wagtastic Chewy Chicken Twists 320G,https://www.tesco.com/groceries/en-GB/shop/pets/all?brand=Wagtastic&viewAll=brand&page=
291622222,Wagtastic Face Balls,https://www.tesco.com/groceries/en-GB/shop/pets/all?brand=Wagtastic&viewAll=brand&page=
298872830,G Boy Wagtastic Training Pad For Dogs 30'S,https://www.tesco.com/groceries/en-GB/shop/pets/all?brand=Wagtastic&viewAll=brand&page=
299153608,Wagtastic Treat Pigs Ears 4 Pieces,https://www.tesco.com/groceries/en-GB/shop/pets/all?brand=Wagtastic&viewAll=brand&page=
299153476,Wagtastic Treat Jumbo Twist Pork 70G,https://www.tesco.com/groceries/en-GB/shop/pets/all?brand=Wagtastic&viewAll=brand&page=
291612430,Good Boy Wagtastic Chewy Chicken Strips 330G,https://www.tesco.com/groceries/en-GB/shop/pets/all?brand=Wagtastic&viewAll=brand&page=
291597118,Good Boy Wagtastic Chewy Duck Fillets 70G,https://www.tesco.com/groceries/en-GB/shop/pets/all?brand=Wagtastic&viewAll=brand&page=
291611955,Good Boy Wagtastic Novelty Chew 80G,https://www.tesco.com/groceries/en-GB/shop/pets/all?brand=Wagtastic&viewAll=brand&page=
291596465,Good Boy Chicken Wagtastic 4 Small Chewy Braids 55G,https://www.tesco.com/groceries/en-GB/shop/pets/all?brand=Wagtastic&viewAll=brand&page=
288747021,Good Boy Wagtastic Chic Bones 90G,https://www.tesco.com/groceries/en-GB/shop/pets/all?brand=Wagtastic&viewAll=brand&page=
291623601,Good Boy Wagtastic Premium Jumbo Knotted Bone,https://www.tesco.com/groceries/en-GB/shop/pets/all?brand=Wagtastic&viewAll=brand&page=
295226881,Wagtastic Treat Duck And Calcium Bones,https://www.tesco.com/groceries/en-GB/shop/pets/all?brand=Wagtastic&viewAll=brand&page=
299153522,Wagtastic Treat Lamb Strips 80G,https://www.tesco.com/groceries/en-GB/shop/pets/all?brand=Wagtastic&viewAll=brand&page=
291611870,Good Boy Wagtastic Chicken Dumbells 350G,https://www.tesco.com/groceries/en-GB/shop/pets/all?brand=Wagtastic&viewAll=brand&page=
299153378,Wagtastic Treat Beef Fillets 320G,https://www.tesco.com/groceries/en-GB/shop/pets/all?brand=Wagtastic&viewAll=brand&page=
299153453,Wagtastic Treat Chicken Fillets 320G,https://www.tesco.com/groceries/en-GB/shop/pets/all?brand=Wagtastic&viewAll=brand&page=
291596874,Good Boy Wagtastic Gnaw A Bone,https://www.tesco.com/groceries/en-GB/shop/pets/all?brand=Wagtastic&viewAll=brand&page=
295226800,Wagtastic Chicken&Calcium Bones 350G,https://www.tesco.com/groceries/en-GB/shop/pets/all?brand=Wagtastic&viewAll=brand&page=
295410600,Wagtastic Chicken Variety Pack 320G,https://www.tesco.com/groceries/en-GB/shop/pets/all?brand=Wagtastic&viewAll=brand&page=
291622683,Good Boy Wagtastic Braid Tugger,https://www.tesco.com/groceries/en-GB/shop/pets/all?brand=Wagtastic&viewAll=brand&page=
291613348,Good Boy Wagtastic Soft Ball,https://www.tesco.com/groceries/en-GB/shop/pets/all?brand=Wagtastic&viewAll=brand&page=
291613861,Good Boy Wagtastic Squeaky Bods,https://www.tesco.com/groceries/en-GB/shop/pets/all?brand=Wagtastic&viewAll=brand&page=
298895660,Lily's Kitchen Cottage Pie 150G,https://www.tesco.com/groceries/en-GB/shop/pets/all?brand=Lily%27s%20Kitchen&viewAll=brand&page=
298895682,Lily's Kitchen Sunday Lunch 150G,https://www.tesco.com/groceries/en-GB/shop/pets/all?brand=Lily%27s%20Kitchen&viewAll=brand&page=
304390446,Lilys Kitchen Dog Treats Chicken Treats 70G,https://www.tesco.com/groceries/en-GB/shop/pets/all?brand=Lily%27s%20Kitchen&viewAll=brand&page=
304395406,Lilys Kitchen Duck & Venison Sausages For Dogs 70G,https://www.tesco.com/groceries/en-GB/shop/pets/all?brand=Lily%27s%20Kitchen&viewAll=brand&page=
295226725,Lily's Kitchen Sunday Lunch For Dogs 400G,https://www.tesco.com/groceries/en-GB/shop/pets/all?brand=Lily%27s%20Kitchen&viewAll=brand&page=
290050220,"Lily's Kitchen Beef, Potato & Vegetable Dinner 400G",https://www.tesco.com/groceries/en-GB/shop/pets/all?brand=Lily%27s%20Kitchen&viewAll=brand&page=
304407629,Lilys Kitchen Mini Beef Brgrs For Dogs 70G,https://www.tesco.com/groceries/en-GB/shop/pets/all?brand=Lily%27s%20Kitchen&viewAll=brand&page=
310169574,Lily's Kitchen Bedtime Biscuits For Dogs 80G,https://www.tesco.com/groceries/en-GB/shop/pets/all?brand=Lily%27s%20Kitchen&viewAll=brand&page=
290050440,Lily's Kitchen Wild Campfire Stew 400G,https://www.tesco.com/groceries/en-GB/shop/pets/all?brand=Lily%27s%20Kitchen&viewAll=brand&page=
289736171,Lily's Herby Chicken & Turkey Casserole 400G,https://www.tesco.com/groceries/en-GB/shop/pets/all?brand=Lily%27s%20Kitchen&viewAll=brand&page=
309493150,Lily's Kitchen Cat Shredded Fillets Tuna & Salmon 70G,https://www.tesco.com/groceries/en-GB/shop/pets/all?brand=Lily%27s%20Kitchen&viewAll=brand&page=
298870544,Lily's Kitchen Classic Mpk 6 X 400G,https://www.tesco.com/groceries/en-GB/shop/pets/all?brand=Lily%27s%20Kitchen&viewAll=brand&page=
290050122,Lily's Kitchen Slow Cooked Lamb Hotpot 400G,https://www.tesco.com/groceries/en-GB/shop/pets/all?brand=Lily%27s%20Kitchen&viewAll=brand&page=
298870567,Lily's Kitchen Grain Free Variety 6X400g,https://www.tesco.com/groceries/en-GB/shop/pets/all?brand=Lily%27s%20Kitchen&viewAll=brand&page=
290050715,Lily's Kitchen Chicken & Duck Dry Food 1Kg,https://www.tesco.com/groceries/en-GB/shop/pets/all?brand=Lily%27s%20Kitchen&viewAll=brand&page=
309465633,Lily's Kitchen Dog Chew Sticks Chicken 120G,https://www.tesco.com/groceries/en-GB/shop/pets/all?brand=Lily%27s%20Kitchen&viewAll=brand&page=
309463589,Lily's Kitchen Dog Chew Sticks Salmon 120G,https://www.tesco.com/groceries/en-GB/shop/pets/all?brand=Lily%27s%20Kitchen&viewAll=brand&page=
309481043,Lily's Kitchen Chew Sticks Lamb 120G,https://www.tesco.com/groceries/en-GB/shop/pets/all?brand=Lily%27s%20Kitchen&viewAll=brand&page=
307341973,Lily's Kitchen Dog Pork & Apple Sausages 70G,https://www.tesco.com/groceries/en-GB/shop/pets/all?brand=Lily%27s%20Kitchen&viewAll=brand&page=
304394442,Lilys Kitchen Chicken Jerky For Dogs 70G,https://www.tesco.com/groceries/en-GB/shop/pets/all?brand=Lily%27s%20Kitchen&viewAll=brand&page=
309488963,Lily's Kitchen Puppy Chicken & Salmon Nibbles 70G,https://www.tesco.com/groceries/en-GB/shop/pets/all?brand=Lily%27s%20Kitchen&viewAll=brand&page=
304389247,Lilys Kitchen Duck Mini Jerky Dog Food 70G,https://www.tesco.com/groceries/en-GB/shop/pets/all?brand=Lily%27s%20Kitchen&viewAll=brand&page=
309463641,Lily's Kitchen Dog Chew Sticks With Turkey 120G,https://www.tesco.com/groceries/en-GB/shop/pets/all?brand=Lily%27s%20Kitchen&viewAll=brand&page=
309481890,Lily's Kitchen Chew Sticks Beef 120G,https://www.tesco.com/groceries/en-GB/shop/pets/all?brand=Lily%27s%20Kitchen&viewAll=brand&page=
284044006,Gourmet Mon Petit Chicken 6X50g,https://www.tesco.com/groceries/en-GB/shop/pets/all?brand=Gourmet&viewAll=brand&page=
284044093,Gourmet Mon Petit Fish Selection 6X50g,https://www.tesco.com/groceries/en-GB/shop/pets/all?brand=Gourmet&viewAll=brand&page=
286732583,Gourmet Mon Petit Ocean Variety 6X50g,https://www.tesco.com/groceries/en-GB/shop/pets/all?brand=Gourmet&viewAll=brand&page=
284044041,Gourmet Mon Petit Beef 6X50g,https://www.tesco.com/groceries/en-GB/shop/pets/all?brand=Gourmet&viewAll=brand&page=
255136472,Gourmet Gold Pate With Ocean Fish 85G,https://www.tesco.com/groceries/en-GB/shop/pets/all?brand=Gourmet&viewAll=brand&page=
291683857,Gourmet Gold Savoury Cake With Chicken 85G,https://www.tesco.com/groceries/en-GB/shop/pets/all?brand=Gourmet&viewAll=brand&page=
303227205,Gourmet Gold Melting Heart Mixed Cat Food 8X85g,https://www.tesco.com/groceries/en-GB/shop/pets/all?brand=Gourmet&viewAll=brand&page=
291683990,Gourmet Gold Savoury Cake Salmon 85G,https://www.tesco.com/groceries/en-GB/shop/pets/all?brand=Gourmet&viewAll=brand&page=
260589803,Gourmet Perle Ocean Delicacies In Gravy 12X85g,https://www.tesco.com/groceries/en-GB/shop/pets/all?brand=Gourmet&viewAll=brand&page=
303227165,Gourmet Gold Savoury Cake Mixed 8X85g,https://www.tesco.com/groceries/en-GB/shop/pets/all?brand=Gourmet&viewAll=brand&page=
308473629,Gourmet Revelations Chicken Cat Food 4 X 57G,https://www.tesco.com/groceries/en-GB/shop/pets/all?brand=Gourmet&viewAll=brand&page=
298437230,Gourmet Gold Melting Heart Chicken 85G,https://www.tesco.com/groceries/en-GB/shop/pets/all?brand=Gourmet&viewAll=brand&page=
304671955,Gourmet Perle Cat Food Ocean Collection 40X85g,https://www.tesco.com/groceries/en-GB/shop/pets/all?brand=Gourmet&viewAll=brand&page=
264375036,Gourmet Perle Country Medleys In Jelly 12X85g,https://www.tesco.com/groceries/en-GB/shop/pets/all?brand=Gourmet&viewAll=brand&page=
257971700,Gourmet Perle Connoisseurs Collection 12X85g,https://www.tesco.com/groceries/en-GB/shop/pets/all?brand=Gourmet&viewAll=brand&page=
305745412,Purina Gourmet Gold Tinned Double Delicacies 8X85g,https://www.tesco.com/groceries/en-GB/shop/pets/all?brand=Gourmet&viewAll=brand&page=
305745308,Purina Gourmet Tinned Food Pate Mixed 8X85g,https://www.tesco.com/groceries/en-GB/shop/pets/all?brand=Gourmet&viewAll=brand&page=
268175556,Gourmet Gold Duo Duck And Turkey 85G,https://www.tesco.com/groceries/en-GB/shop/pets/all?brand=Gourmet&viewAll=brand&page=
305744730,Purina Gourmet Natures Creation Meat Recipe 8X85g,https://www.tesco.com/groceries/en-GB/shop/pets/all?brand=Gourmet&viewAll=brand&page=
257971591,Gourmet Perle Cat Food Chefs Collection 12 X 85G,https://www.tesco.com/groceries/en-GB/shop/pets/all?brand=Gourmet&viewAll=brand&page=
308869382,Gourmet Revelations Salmon Cat Food 4 X 57G,https://www.tesco.com/groceries/en-GB/shop/pets/all?brand=Gourmet&viewAll=brand&page=
272391004,Gourmet Perle Seaside Duo 12X85g,https://www.tesco.com/groceries/en-GB/shop/pets/all?brand=Gourmet&viewAll=brand&page=
310180409,Gourmet Revelations Tuna Cat Food 4 X 57G,https://www.tesco.com/groceries/en-GB/shop/pets/all?brand=Gourmet&viewAll=brand&page=
298437217,Gourmet Gold Melting Heart Salmon Cat 85G,https://www.tesco.com/groceries/en-GB/shop/pets/all?brand=Gourmet&viewAll=brand&page=
312838577,Harringtons Adult Salmon & Potato 1.7Kg,https://www.tesco.com/groceries/en-GB/shop/pets/all?brand=Harringtons&viewAll=brand&page=
312716039,Harringtons Adult Lamb & Rice 1.7Kg,https://www.tesco.com/groceries/en-GB/shop/pets/all?brand=Harringtons&viewAll=brand&page=
310116355,Harringtons Turkey & Vegetables Tinned Dog Food 400G,https://www.tesco.com/groceries/en-GB/shop/pets/all?brand=Harringtons&viewAll=brand&page=
310098542,Harringtons Chicken & Vegetables Tinned Dog Food 400G,https://www.tesco.com/groceries/en-GB/shop/pets/all?brand=Harringtons&viewAll=brand&page=
299226333,Harringtons Grain Free Chicken & Vegetable Adult Dog 400G,https://www.tesco.com/groceries/en-GB/shop/pets/all?brand=Harringtons&viewAll=brand&page=
312843487,Harringtons Grain Free Adult Dog Food Chicken & Sw/Pot 1Kg,https://www.tesco.com/groceries/en-GB/shop/pets/all?brand=Harringtons&viewAll=brand&page=
312828546,Harringtons Small Adult Turkey & Rice 1Kg,https://www.tesco.com/groceries/en-GB/shop/pets/all?brand=Harringtons&viewAll=brand&page=
299226477,Harringtons Dog Food Turkey Vegetable & Potato 400G,https://www.tesco.com/groceries/en-GB/shop/pets/all?brand=Harringtons&viewAll=brand&page=
312848476,Harringtons Adult Dog Food Lamb & Rice 4Kg,https://www.tesco.com/groceries/en-GB/shop/pets/all?brand=Harringtons&viewAll=brand&page=
312715242,Harringtons Adult Dog Food Turkey & Vegetable 4Kg,https://www.tesco.com/groceries/en-GB/shop/pets/all?brand=Harringtons&viewAll=brand&page=
312832926,Harringtons Adult Beef & Rice 4Kg,https://www.tesco.com/groceries/en-GB/shop/pets/all?brand=Harringtons&viewAll=brand&page=
312855778,Harringtons Adult Chicken & Rice 4Kg,https://www.tesco.com/groceries/en-GB/shop/pets/all?brand=Harringtons&viewAll=brand&page=
307345934,Harringtons Turkey & Vegetable Complete Dog Food 12Kg,https://www.tesco.com/groceries/en-GB/shop/pets/all?brand=Harringtons&viewAll=brand&page=
310160969,Harringtons Meaty Selection In Jelly 12X85g,https://www.tesco.com/groceries/en-GB/shop/pets/all?brand=Harringtons&viewAll=brand&page=
304410551,Harringtons Adult Dog Mixed Selection Box 6X400g,https://www.tesco.com/groceries/en-GB/shop/pets/all?brand=Harringtons&viewAll=brand&page=
310101050,Harringtons Fish Selection In Jelly 12X85g,https://www.tesco.com/groceries/en-GB/shop/pets/all?brand=Harringtons&viewAll=brand&page=
307753290,Harringtons Lamb & Rice Complete Dog Food 12Kg,https://www.tesco.com/groceries/en-GB/shop/pets/all?brand=Harringtons&viewAll=brand&page=
305249406,Harringtons Poultry Selection Box Dog Food 6X400g,https://www.tesco.com/groceries/en-GB/shop/pets/all?brand=Harringtons&viewAll=brand&page=
310660130,Harringtons Advanced Science Diet Dry Dog Large Breed2kg,https://www.tesco.com/groceries/en-GB/shop/pets/all?brand=Harringtons&viewAll=brand&page=
310108820,Harringtons Meaty Selection In Gravy 12X85g,https://www.tesco.com/groceries/en-GB/shop/pets/all?brand=Harringtons&viewAll=brand&page=
312565021,Harringtons Senior Chicken & Rice 1.7Kg,https://www.tesco.com/groceries/en-GB/shop/pets/all?brand=Harringtons&viewAll=brand&page=
312853106,Harringtons Adult Dog Food Salmon & Sw/Pot 1Kg,https://www.tesco.com/groceries/en-GB/shop/pets/all?brand=Harringtons&viewAll=brand&page=
312721931,Harringtons Puppy Turkey & Rice 1.7Kg,https://www.tesco.com/groceries/en-GB/shop/pets/all?brand=Harringtons&viewAll=brand&page=
308822230,Sheba Fresh & Fine Chicken & Turkey In Gravy 6X50g,https://www.tesco.com/groceries/en-GB/shop/pets/all?brand=Sheba&viewAll=brand&page=
263361716,Sheba Pouch Fine Flake Poultry 12X85g,https://www.tesco.com/groceries/en-GB/shop/pets/all?brand=Sheba&viewAll=brand&page=
263361843,Sheba Pouch Fine Flake Fish Selection 12X85g,https://www.tesco.com/groceries/en-GB/shop/pets/all?brand=Sheba&viewAll=brand&page=
308838528,Sheba Fresh & Fine Tuna & Cod In Gravy 6X50g,https://www.tesco.com/groceries/en-GB/shop/pets/all?brand=Sheba&viewAll=brand&page=
308864905,Sheba Fresh & Fine Turkey & Chicken In Jelly 6X50g,https://www.tesco.com/groceries/en-GB/shop/pets/all?brand=Sheba&viewAll=brand&page=
310188142,Sheba Cat Food Chicken Fillet Soup Pouches 4X40g,https://www.tesco.com/groceries/en-GB/shop/pets/all?brand=Sheba&viewAll=brand&page=
293638857,Sheba Cat Pouch Fish In Gravy 12X85g,https://www.tesco.com/groceries/en-GB/shop/pets/all?brand=Sheba&viewAll=brand&page=
309171099,Sheba Fresh & Fine Salmon & Tuna In Gravy 6X50g,https://www.tesco.com/groceries/en-GB/shop/pets/all?brand=Sheba&viewAll=brand&page=
310683347,Sheba Cat Food Tuna Fillet Soup Pouches 4X40g,https://www.tesco.com/groceries/en-GB/shop/pets/all?brand=Sheba&viewAll=brand&page=
308473325,Sheba Fresh & Fine Beef & Chicken In Gravy 6X50g,https://www.tesco.com/groceries/en-GB/shop/pets/all?brand=Sheba&viewAll=brand&page=
293638834,Sheba Cat Pouch Poultry In Gravy 12X85g,https://www.tesco.com/groceries/en-GB/shop/pets/all?brand=Sheba&viewAll=brand&page=
293773022,Sheba Pouch Succulent In Gravy 12*85G,https://www.tesco.com/groceries/en-GB/shop/pets/all?brand=Sheba&viewAll=brand&page=
304789937,Sheba Select Slices Poultry Selection In Gravy 40X85g,https://www.tesco.com/groceries/en-GB/shop/pets/all?brand=Sheba&viewAll=brand&page=
297646858,Sheba Pouch Poultry Chicken In Jelly 40 Pack X 85G,https://www.tesco.com/groceries/en-GB/shop/pets/all?brand=Sheba&viewAll=brand&page=
295446021,Sheba Succulent Jelly Selection Cat Pouches 12X85g,https://www.tesco.com/groceries/en-GB/shop/pets/all?brand=Sheba&viewAll=brand&page=
305042149,Sheba Fine Flakes In Gravy Fish Selection 12 X 85G,https://www.tesco.com/groceries/en-GB/shop/pets/all?brand=Sheba&viewAll=brand&page=
304788253,Sheba Fine Flakes Poultry Selection In Gravy 12X85g,https://www.tesco.com/groceries/en-GB/shop/pets/all?brand=Sheba&viewAll=brand&page=
308860309,Sheba Fresh Cuisine Tokyo 'Seln Salmon & Tuna 6X50g,https://www.tesco.com/groceries/en-GB/shop/pets/all?brand=Sheba&viewAll=brand&page=
311201569,Sheba Sauce Lover In Gravy Mixed Collection 8X85g,https://www.tesco.com/groceries/en-GB/shop/pets/all?brand=Sheba&viewAll=brand&page=
311250389,Sheba Select Slices In Gravy Poultry Selection 8X85g,https://www.tesco.com/groceries/en-GB/shop/pets/all?brand=Sheba&viewAll=brand&page=
311271934,Sheba Classics In Terrine Ocean Selection 8X85g,https://www.tesco.com/groceries/en-GB/shop/pets/all?brand=Sheba&viewAll=brand&page=
286765209,Sheba Tray Slices Gravy With Chicken 85G,https://www.tesco.com/groceries/en-GB/shop/pets/all?brand=Sheba&viewAll=brand&page=
286764922,Sheba Tray Sauce Lamb & Vegetable 85G,https://www.tesco.com/groceries/en-GB/shop/pets/all?brand=Sheba&viewAll=brand&page=
311251549,Core Supply Medium Melamine Stainless Steel Pet Bowl Assorted,https://www.tesco.com/groceries/en-GB/shop/pets/all?brand=Core%20Supply%20Co&viewAll=brand&page=
311793380,Core Supply Bone Bag Clips 2 Pack,https://www.tesco.com/groceries/en-GB/shop/pets/all?brand=Core%20Supply%20Co&viewAll=brand&page=
312220775,Core Supply Large Melamine Stainless Steel Pet Bowl Assorted,https://www.tesco.com/groceries/en-GB/shop/pets/all?brand=Core%20Supply%20Co&viewAll=brand&page=
310666705,Core Supply Pet Grooming Textured Towel,https://www.tesco.com/groceries/en-GB/shop/pets/all?brand=Core%20Supply%20Co&viewAll=brand&page=
311432353,Core Supply Ceramic Dog Bowl,https://www.tesco.com/groceries/en-GB/shop/pets/all?brand=Core%20Supply%20Co&viewAll=brand&page=
311250251,Core Supply Dog Bandana With Collar,https://www.tesco.com/groceries/en-GB/shop/pets/all?brand=Core%20Supply%20Co&viewAll=brand&page=
311425638,Core Supply 350Ml Dog Drink Bottle Assortment,https://www.tesco.com/groceries/en-GB/shop/pets/all?brand=Core%20Supply%20Co&viewAll=brand&page=
312109706,Core Supply Debossed Ceramic Pet Bowl Large,https://www.tesco.com/groceries/en-GB/shop/pets/all?brand=Core%20Supply%20Co&viewAll=brand&page=
311947274,Core Supply Small Ceramic Slogan Pet Bowl Assorted,https://www.tesco.com/groceries/en-GB/shop/pets/all?brand=Core%20Supply%20Co&viewAll=brand&page=
311225837,Core Supply Fetch & Treat Pouch,https://www.tesco.com/groceries/en-GB/shop/pets/all?brand=Core%20Supply%20Co&viewAll=brand&page=
311422244,Core Supply Ceramic Cat Bowl,https://www.tesco.com/groceries/en-GB/shop/pets/all?brand=Core%20Supply%20Co&viewAll=brand&page=
310151116,Core Supply Pet Food Can Covers,https://www.tesco.com/groceries/en-GB/shop/pets/all?brand=Core%20Supply%20Co&viewAll=brand&page=
310682098,Core Supply Pet Grooming Glove Mitt,https://www.tesco.com/groceries/en-GB/shop/pets/all?brand=Core%20Supply%20Co&viewAll=brand&page=
312232133,Core Supply Ceramic Pet Bowl Large Assortment,https://www.tesco.com/groceries/en-GB/shop/pets/all?brand=Core%20Supply%20Co&viewAll=brand&page=
312219259,Core Supply Debossed Ceramic Pet Bow Small,https://www.tesco.com/groceries/en-GB/shop/pets/all?brand=Core%20Supply%20Co&viewAll=brand&page=
311800442,Core Supply Collapsible Pet Bowl 1L Assorted,https://www.tesco.com/groceries/en-GB/shop/pets/all?brand=Core%20Supply%20Co&viewAll=brand&page=
311434307,Core Supply Mug With Cat Toy,https://www.tesco.com/groceries/en-GB/shop/pets/all?brand=Core%20Supply%20Co&viewAll=brand&page=
311441549,Core Supply Mug With Dog Toy,https://www.tesco.com/groceries/en-GB/shop/pets/all?brand=Core%20Supply%20Co&viewAll=brand&page=
312351815,Core Supply Small Melamine Stainless Steel Pet Bowl Assorted,https://www.tesco.com/groceries/en-GB/shop/pets/all?brand=Core%20Supply%20Co&viewAll=brand&page=
310661964,Core Supply Pet Food Storage Assorted,https://www.tesco.com/groceries/en-GB/shop/pets/all?brand=Core%20Supply%20Co&viewAll=brand&page=
311668347,Core Supply Collapsible Pet Bowel 354Ml Assorted,https://www.tesco.com/groceries/en-GB/shop/pets/all?brand=Core%20Supply%20Co&viewAll=brand&page=
311445666,Core Supply Dog Bandana With Collar,https://www.tesco.com/groceries/en-GB/shop/pets/all?brand=Core%20Supply%20Co&viewAll=brand&page=
284355934,Bakers Allsorts Pack 98G,https://www.tesco.com/groceries/en-GB/shop/pets/all?brand=Bakers&viewAll=brand&page=
303837445,Bakers Whirlers Dog Treats Bacon And Cheese 130G,https://www.tesco.com/groceries/en-GB/shop/pets/all?brand=Bakers&viewAll=brand&page=
303837409,Bakers Sizzlers Dog Treats Bacon 90G,https://www.tesco.com/groceries/en-GB/shop/pets/all?brand=Bakers&viewAll=brand&page=
284355462,Bakers Mixed Variety Pack 100G,https://www.tesco.com/groceries/en-GB/shop/pets/all?brand=Bakers&viewAll=brand&page=
301074837,Bakers Small Dog Food Chicken & Vegetables 1.1Kg,https://www.tesco.com/groceries/en-GB/shop/pets/all?brand=Bakers&viewAll=brand&page=
270954391,Bakers Complete Meaty Meals Small Dog Beef 1Kg,https://www.tesco.com/groceries/en-GB/shop/pets/all?brand=Bakers&viewAll=brand&page=
268353275,Bakers Joint Delicious Large Chicken 240G,https://www.tesco.com/groceries/en-GB/shop/pets/all?brand=Bakers&viewAll=brand&page=
267084986,Bakers Dental Delicious Medium Chicken 200G,https://www.tesco.com/groceries/en-GB/shop/pets/all?brand=Bakers&viewAll=brand&page=
302480182,Bakers Sizzlers Dog Treats Bacon 185G,https://www.tesco.com/groceries/en-GB/shop/pets/all?brand=Bakers&viewAll=brand&page=
255335582,Bakers 2 Meaty Twists 180G,https://www.tesco.com/groceries/en-GB/shop/pets/all?brand=Bakers&viewAll=brand&page=
307510998,Bakers Whirlers Meaty Dog Treats Bacon & Cheese 270G,https://www.tesco.com/groceries/en-GB/shop/pets/all?brand=Bakers&viewAll=brand&page=
278432126,Bakers Complete Meaty Meals Chicken 2.7Kg,https://www.tesco.com/groceries/en-GB/shop/pets/all?brand=Bakers&viewAll=brand&page=
301086875,Bakers Dog Food Chicken And Vegetables 1.2Kg,https://www.tesco.com/groceries/en-GB/shop/pets/all?brand=Bakers&viewAll=brand&page=
301086938,Bakers Small Dog Food Beef & Vegetable 2.85Kg,https://www.tesco.com/groceries/en-GB/shop/pets/all?brand=Bakers&viewAll=brand&page=
312827392,Bakers Christmas Gift Box Dog Treats 386G,https://www.tesco.com/groceries/en-GB/shop/pets/all?brand=Bakers&viewAll=brand&page=
301086839,Bakers Puppy Dog Food Chicken & Vegetable 1.1Kg,https://www.tesco.com/groceries/en-GB/shop/pets/all?brand=Bakers&viewAll=brand&page=
301086898,Bakers Senior Dog Food Chicken & Vegetable 2.85Kg,https://www.tesco.com/groceries/en-GB/shop/pets/all?brand=Bakers&viewAll=brand&page=
301074814,Bakers Small Dog Food Beef & Vegetables 1.1Kg,https://www.tesco.com/groceries/en-GB/shop/pets/all?brand=Bakers&viewAll=brand&page=
298911284,Bakers Adult Beef & Vegetable 12Kg,https://www.tesco.com/groceries/en-GB/shop/pets/all?brand=Bakers&viewAll=brand&page=
299195450,Bakers Adult Chicken & Vegetable 12Kg,https://www.tesco.com/groceries/en-GB/shop/pets/all?brand=Bakers&viewAll=brand&page=
302054883,Butcher's Tripe Loaf Dog Food Tins 12X400g,https://www.tesco.com/groceries/en-GB/shop/pets/all?brand=Butchers&viewAll=brand&page=
311258300,Butchers Joint & Coat Dog Food Mixed Selection 12X150g,https://www.tesco.com/groceries/en-GB/shop/pets/all?brand=Butchers&viewAll=brand&page=
302054900,Butcher's Meaty Recipe In Jelly Dog Food 12X400g,https://www.tesco.com/groceries/en-GB/shop/pets/all?brand=Butchers&viewAll=brand&page=
302055663,Butcher's Recipe In Gravy Dog Food Tin 12X400g,https://www.tesco.com/groceries/en-GB/shop/pets/all?brand=Butchers&viewAll=brand&page=
302054134,Butcher's Simply Gentle Dog Food Tins 6X390g,https://www.tesco.com/groceries/en-GB/shop/pets/all?brand=Butchers&viewAll=brand&page=
302411189,Butcher's Tripe Dog Food Tin 400G,https://www.tesco.com/groceries/en-GB/shop/pets/all?brand=Butchers&viewAll=brand&page=
299269777,Butchers Traditional Recipe 12X150g Foiltray,https://www.tesco.com/groceries/en-GB/shop/pets/all?brand=Butchers&viewAll=brand&page=
299271210,Butcher's Simply Gentle Dog Food Trays 12X150g,https://www.tesco.com/groceries/en-GB/shop/pets/all?brand=Butchers&viewAll=brand&page=
299269731,Butchers Succulent 12X150g Foiltray,https://www.tesco.com/groceries/en-GB/shop/pets/all?brand=Butchers&viewAll=brand&page=
302038972,Butchers Tripe Grain Free Dog Food 2400G,https://www.tesco.com/groceries/en-GB/shop/pets/all?brand=Butchers&viewAll=brand&page=
308094140,Butcher's Grain Free Joints & Coat 6X390g,https://www.tesco.com/groceries/en-GB/shop/pets/all?brand=Butchers&viewAll=brand&page=
299271157,Butcher's Traditional Recipes Dog Food Tray 4 X 150G,https://www.tesco.com/groceries/en-GB/shop/pets/all?brand=Butchers&viewAll=brand&page=
301184724,Butchers Lean & Tasty 12X150g Foiltray,https://www.tesco.com/groceries/en-GB/shop/pets/all?brand=Butchers&viewAll=brand&page=
302039055,Butcher's Tripe Loaf Dog Food Tins 6X400g,https://www.tesco.com/groceries/en-GB/shop/pets/all?brand=Butchers&viewAll=brand&page=
302039078,Butcher's Loaf Recipes Dog Food Tins 6X390g,https://www.tesco.com/groceries/en-GB/shop/pets/all?brand=Butchers&viewAll=brand&page=
302054860,Butcher's Puppy Perfect Puppy Food Tins 6X400g,https://www.tesco.com/groceries/en-GB/shop/pets/all?brand=Butchers&viewAll=brand&page=
312368145,Butcher's Lean & Tasty Low Fat Dog Food 12X390g,https://www.tesco.com/groceries/en-GB/shop/pets/all?brand=Butchers&viewAll=brand&page=
299271170,Butcher's Succulent Recipe Trays 4 X 150G,https://www.tesco.com/groceries/en-GB/shop/pets/all?brand=Butchers&viewAll=brand&page=
257972929,Purina One Adult Dry Cat Food Chicken & Wholegrain 800G,https://www.tesco.com/groceries/en-GB/shop/pets/all?brand=Purina%20One&viewAll=brand&page=
257972699,Purina One Cat Adult Salmon & Whole Grain 800G,https://www.tesco.com/groceries/en-GB/shop/pets/all?brand=Purina%20One&viewAll=brand&page=
268368511,Purina One Cat Sensitive With Turkey & Rice 800G,https://www.tesco.com/groceries/en-GB/shop/pets/all?brand=Purina%20One&viewAll=brand&page=
266352982,Purina One Kitten Junior Chicken & Whole Grains 800G,https://www.tesco.com/groceries/en-GB/shop/pets/all?brand=Purina%20One&viewAll=brand&page=
303227142,Purina One Senior 11+ Dry Cat Food Chicken 800G,https://www.tesco.com/groceries/en-GB/shop/pets/all?brand=Purina%20One&viewAll=brand&page=
282171935,Purina One Wet Chicken Beef 8X85g,https://www.tesco.com/groceries/en-GB/shop/pets/all?brand=Purina%20One&viewAll=brand&page=
307284677,Purina One Selective Palate Cat Meals 8X85g,https://www.tesco.com/groceries/en-GB/shop/pets/all?brand=Purina%20One&viewAll=brand&page=
257974173,Purina One Cat Adult Salmon & Whole Grain 3Kg,https://www.tesco.com/groceries/en-GB/shop/pets/all?brand=Purina%20One&viewAll=brand&page=
257973082,Purina One Cat Adult Chicken & Whole Grains 3Kg,https://www.tesco.com/groceries/en-GB/shop/pets/all?brand=Purina%20One&viewAll=brand&page=
282154182,Purina One Wet Meat Chicken Beef 8X85g,https://www.tesco.com/groceries/en-GB/shop/pets/all?brand=Purina%20One&viewAll=brand&page=
271668745,Purina One Cat Senior Chicken & Whole Grains 800G,https://www.tesco.com/groceries/en-GB/shop/pets/all?brand=Purina%20One&viewAll=brand&page=
266166046,Purina One Cat Indoor Formula Turkey W/Grain800g,https://www.tesco.com/groceries/en-GB/shop/pets/all?brand=Purina%20One&viewAll=brand&page=
268368350,Purina One Cat Light 800G,https://www.tesco.com/groceries/en-GB/shop/pets/all?brand=Purina%20One&viewAll=brand&page=
291612401,Purina One Sensitive Turkey & Rice 3Kg,https://www.tesco.com/groceries/en-GB/shop/pets/all?brand=Purina%20One&viewAll=brand&page=
295195927,Purina One Coat & Hairball Chicken 3Kg,https://www.tesco.com/groceries/en-GB/shop/pets/all?brand=Purina%20One&viewAll=brand&page=
303205519,Purina One Senior 11+ Dry Cat Food Chicken 3Kg,https://www.tesco.com/groceries/en-GB/shop/pets/all?brand=Purina%20One&viewAll=brand&page=
286785151,Purina One Senior Chicken & Wholegrain 3Kg,https://www.tesco.com/groceries/en-GB/shop/pets/all?brand=Purina%20One&viewAll=brand&page=
301767939,Iams Adult 1+ Cat Food With Fresh Chicken 800G,https://www.tesco.com/groceries/en-GB/shop/pets/all?brand=Iams&viewAll=brand&page=
301743530,Iams Cat Food Senior 7+ With Fresh Chicken 2Kg,https://www.tesco.com/groceries/en-GB/shop/pets/all?brand=Iams&viewAll=brand&page=
301744016,Iams Small Medium Adult Dog Food With Chicken 2Kg,https://www.tesco.com/groceries/en-GB/shop/pets/all?brand=Iams&viewAll=brand&page=
301743490,Iams Cat Food Senior With Chicken 800G,https://www.tesco.com/groceries/en-GB/shop/pets/all?brand=Iams&viewAll=brand&page=
301744477,Iams Dog Food Small & Medium Adult With Chicken 800G,https://www.tesco.com/groceries/en-GB/shop/pets/all?brand=Iams&viewAll=brand&page=
301767951,Iams Adult 1+ Cat Food With Fresh Chicken 2Kg,https://www.tesco.com/groceries/en-GB/shop/pets/all?brand=Iams&viewAll=brand&page=
301743927,Iams Small Medium Senior Dog Food With Chicken 2Kg,https://www.tesco.com/groceries/en-GB/shop/pets/all?brand=Iams&viewAll=brand&page=
295196022,Iams Delights Land & Sea Jelly Pouches 12X85g,https://www.tesco.com/groceries/en-GB/shop/pets/all?brand=Iams&viewAll=brand&page=
301744454,"Iams Dog Food Puppy Small, Medium With Chicken 800G",https://www.tesco.com/groceries/en-GB/shop/pets/all?brand=Iams&viewAll=brand&page=
301767997,Iams For Vitality Adult 1+ Catfood Ocean Fish 2Kg,https://www.tesco.com/groceries/en-GB/shop/pets/all?brand=Iams&viewAll=brand&page=
301743645,Iams Dog Food Adult Light In Fat With Chicken 2Kg,https://www.tesco.com/groceries/en-GB/shop/pets/all?brand=Iams&viewAll=brand&page=
301743599,Iams Senior 7+ Cat Food With Ocean Fish 2Kg,https://www.tesco.com/groceries/en-GB/shop/pets/all?brand=Iams&viewAll=brand&page=
301744517,Iams Cat Food Adult Light In Fat With Chicken 2Kg,https://www.tesco.com/groceries/en-GB/shop/pets/all?brand=Iams&viewAll=brand&page=
295196045,Iams Delights Land & Sea Gravy Pouches 12X85g,https://www.tesco.com/groceries/en-GB/shop/pets/all?brand=Iams&viewAll=brand&page=
295196068,Iams Delights Senior Cat Food Chicken In Gravy 12X85g,https://www.tesco.com/groceries/en-GB/shop/pets/all?brand=Iams&viewAll=brand&page=
309191023,Nood Sustainable Fish Recipes In Jelly 8X85g,https://www.tesco.com/groceries/en-GB/shop/pets/all?brand=Nood&viewAll=brand&page=
309194613,Nood Cage Free Poultry Recipes In Jelly 7+ 8X85g,https://www.tesco.com/groceries/en-GB/shop/pets/all?brand=Nood&viewAll=brand&page=
309167462,Nood Cage-Free Poultry Recipes In Gravy 8X85g,https://www.tesco.com/groceries/en-GB/shop/pets/all?brand=Nood&viewAll=brand&page=
309755031,Nood Dry Cat Food Salmon With Vegetables 750G,https://www.tesco.com/groceries/en-GB/shop/pets/all?brand=Nood&viewAll=brand&page=
309184251,Nood Cage-Free Poultry Recipes In Jelly 8X85g,https://www.tesco.com/groceries/en-GB/shop/pets/all?brand=Nood&viewAll=brand&page=
309776812,Nood Dry Cat Food Chicken With Vegetables 750G,https://www.tesco.com/groceries/en-GB/shop/pets/all?brand=Nood&viewAll=brand&page=
309449653,Nood Dry Cat Food Chicken With Vegetables 7+Yrs 750G,https://www.tesco.com/groceries/en-GB/shop/pets/all?brand=Nood&viewAll=brand&page=
309453198,Nood Dry Cat Food Chicken With Vegetables 2.5Kg,https://www.tesco.com/groceries/en-GB/shop/pets/all?brand=Nood&viewAll=brand&page=
309783819,Nood Dry Dog Food Chicken & Vegetable 1.4Kg,https://www.tesco.com/groceries/en-GB/shop/pets/all?brand=Nood&viewAll=brand&page=
309167934,Nood Sustainable Fish Recipes In Gravy 8X85g,https://www.tesco.com/groceries/en-GB/shop/pets/all?brand=Nood&viewAll=brand&page=
309789624,Nood Dry Dog Food Beef With Vegetables 1.4Kg,https://www.tesco.com/groceries/en-GB/shop/pets/all?brand=Nood&viewAll=brand&page=
309473548,Nood Dry Dog Food Salmon With Vegetables 1.4Kg,https://www.tesco.com/groceries/en-GB/shop/pets/all?brand=Nood&viewAll=brand&page=
309765877,Nood Dry Dog Food Beef With Vegetables 2.9Kg,https://www.tesco.com/groceries/en-GB/shop/pets/all?brand=Nood&viewAll=brand&page=
309776340,Nood Dry Cat Food Chicken & Vegetables 7+Years 2.5Kg,https://www.tesco.com/groceries/en-GB/shop/pets/all?brand=Nood&viewAll=brand&page=
309774993,Nood Dry Cat Food Salmon With Vegetables 2.5Kg,https://www.tesco.com/groceries/en-GB/shop/pets/all?brand=Nood&viewAll=brand&page=
308091539,Cesar Classic Terrine 8X150g,https://www.tesco.com/groceries/en-GB/shop/pets/all?brand=Cesar&viewAll=brand&page=
308092096,Cesar Classic Terrine Chicken & Turkey Dog Food 150G,https://www.tesco.com/groceries/en-GB/shop/pets/all?brand=Cesar&viewAll=brand&page=
308095346,Cesar Country Stew Dog Food Assorted 8 X 150G,https://www.tesco.com/groceries/en-GB/shop/pets/all?brand=Cesar&viewAll=brand&page=
305052166,Cesar Senior Chicken & Turkey Dog Pouches 12 Pack,https://www.tesco.com/groceries/en-GB/shop/pets/all?brand=Cesar&viewAll=brand&page=
308116058,Cesar Juicy Hotpot 8X150g,https://www.tesco.com/groceries/en-GB/shop/pets/all?brand=Cesar&viewAll=brand&page=
308086772,Cesar Senior 10+ In Delicate Jelly 8X150g,https://www.tesco.com/groceries/en-GB/shop/pets/all?brand=Cesar&viewAll=brand&page=
304783667,Cesar Senior 10+ Selection In Jelly 12X100g,https://www.tesco.com/groceries/en-GB/shop/pets/all?brand=Cesar&viewAll=brand&page=
307742821,Cesar Garden Terrine 8 X 150G,https://www.tesco.com/groceries/en-GB/shop/pets/all?brand=Cesar&viewAll=brand&page=
305048932,Cesar Selection In Sauce 1200G,https://www.tesco.com/groceries/en-GB/shop/pets/all?brand=Cesar&viewAll=brand&page=
305043776,Cesar Selection In Jelly 1200G,https://www.tesco.com/groceries/en-GB/shop/pets/all?brand=Cesar&viewAll=brand&page=
308854606,Cesar Dog Food Chicken Sweet Potato Peas & Cranberry 400G,https://www.tesco.com/groceries/en-GB/shop/pets/all?brand=Cesar&viewAll=brand&page=
308867332,Cesar Dog Food Beef Carrots & Green Beans 400G,https://www.tesco.com/groceries/en-GB/shop/pets/all?brand=Cesar&viewAll=brand&page=
308864639,Cesar Natural Goodness Dogfood Mixed Selection 6X400g,https://www.tesco.com/groceries/en-GB/shop/pets/all?brand=Cesar&viewAll=brand&page=
295410167,Dentalife Daily Oral Care Small 115G,https://www.tesco.com/groceries/en-GB/shop/pets/all?brand=Dentalife&viewAll=brand&page=
295410121,Dentalife Daily Oral Care Medium 115G,https://www.tesco.com/groceries/en-GB/shop/pets/all?brand=Dentalife&viewAll=brand&page=
295410081,Dentalife Daily Oral Care Large 142G,https://www.tesco.com/groceries/en-GB/shop/pets/all?brand=Dentalife&viewAll=brand&page=
303205599,Purina Dentalife Cat Dental Chew Chicken 40G,https://www.tesco.com/groceries/en-GB/shop/pets/all?brand=Dentalife&viewAll=brand&page=
303205617,Purina Dentalife Cat Dental Chew Salmon 40G,https://www.tesco.com/groceries/en-GB/shop/pets/all?brand=Dentalife&viewAll=brand&page=
307050862,Purina Dentalife Medium Dog Chews 24 Sticks 552G,https://www.tesco.com/groceries/en-GB/shop/pets/all?brand=Dentalife&viewAll=brand&page=
307050931,Purina Dentalife Small Dog Chews 30 Sticks 490G,https://www.tesco.com/groceries/en-GB/shop/pets/all?brand=Dentalife&viewAll=brand&page=
307050827,Purina Dentalife Large Dog Chews 18 Sticks 636G,https://www.tesco.com/groceries/en-GB/shop/pets/all?brand=Dentalife&viewAll=brand&page=
310098677,Dentalife Activfresh 7 Small Dog Sticks 115G,https://www.tesco.com/groceries/en-GB/shop/pets/all?brand=Dentalife&viewAll=brand&page=
305743973,Purina Dentalife Daily Oral Care Chicken 140G,https://www.tesco.com/groceries/en-GB/shop/pets/all?brand=Dentalife&viewAll=brand&page=
310676434,Dentalife Activfresh 5 Medium Dog Sticks 115G,https://www.tesco.com/groceries/en-GB/shop/pets/all?brand=Dentalife&viewAll=brand&page=
310127048,Dentalife Activfresh 4 Large Dog Sticks 142G,https://www.tesco.com/groceries/en-GB/shop/pets/all?brand=Dentalife&viewAll=brand&page=
264387039,Dreamies Cat Treats With Chicken 60G,https://www.tesco.com/groceries/en-GB/shop/pets/all?brand=Dreamies&viewAll=brand&page=
264387379,Dreamies Cat Treats With Cheese 60G,https://www.tesco.com/groceries/en-GB/shop/pets/all?brand=Dreamies&viewAll=brand&page=
272385006,Dreamies Cat Treats With Turkey 60G,https://www.tesco.com/groceries/en-GB/shop/pets/all?brand=Dreamies&viewAll=brand&page=
264386524,Dreamies Cat Treats With Salmon 60G,https://www.tesco.com/groceries/en-GB/shop/pets/all?brand=Dreamies&viewAll=brand&page=
311946183,Dreamies Meaty Sticks With Salmon Cat Treats 6X5g,https://www.tesco.com/groceries/en-GB/shop/pets/all?brand=Dreamies&viewAll=brand&page=
311953485,Dreamies Creamy Cat Treats With Salmon 4X10g,https://www.tesco.com/groceries/en-GB/shop/pets/all?brand=Dreamies&viewAll=brand&page=
311944824,Dreamies Creamy Cat Treats With Chicken 4X10g,https://www.tesco.com/groceries/en-GB/shop/pets/all?brand=Dreamies&viewAll=brand&page=
268368534,Dreamies Cat Treats With Duck 60G,https://www.tesco.com/groceries/en-GB/shop/pets/all?brand=Dreamies&viewAll=brand&page=
308857718,Dreamies Cat Treats With Catnip 60G,https://www.tesco.com/groceries/en-GB/shop/pets/all?brand=Dreamies&viewAll=brand&page=
265953232,Dreamies Cat Treats With Beef 60G,https://www.tesco.com/groceries/en-GB/shop/pets/all?brand=Dreamies&viewAll=brand&page=
311801130,Dreamies Meaty Sticks With Chicken Cat Treats 6X5g,https://www.tesco.com/groceries/en-GB/shop/pets/all?brand=Dreamies&viewAll=brand&page=
310093668,Dreamies Christmas Gift Box Cat Treats 315G,https://www.tesco.com/groceries/en-GB/shop/pets/all?brand=Dreamies&viewAll=brand&page=
312564892,Encore Chicken Selection In Jelly Cat Food Pouches 5X50g,https://www.tesco.com/groceries/en-GB/shop/pets/all?brand=Encore&viewAll=brand&page=
273824581,Encore Cat Food Tuna & Whitebait Pouch 70G,https://www.tesco.com/groceries/en-GB/shop/pets/all?brand=Encore&viewAll=brand&page=
273824724,Encore Cat Food Chicken & Rice Pouch 70G,https://www.tesco.com/groceries/en-GB/shop/pets/all?brand=Encore&viewAll=brand&page=
294814411,Encore Dog Food Finest Selection Pouches 5X100g,https://www.tesco.com/groceries/en-GB/shop/pets/all?brand=Encore&viewAll=brand&page=
291051603,Encore In Jelly Fish Selection 5 X 50G,https://www.tesco.com/groceries/en-GB/shop/pets/all?brand=Encore&viewAll=brand&page=
291046529,Encore Cat Tuna Loin 30G,https://www.tesco.com/groceries/en-GB/shop/pets/all?brand=Encore&viewAll=brand&page=
291045450,Encore Dog Chicken Breast & Rice 156G,https://www.tesco.com/groceries/en-GB/shop/pets/all?brand=Encore&viewAll=brand&page=
295647307,Encore Cat Food Fish Selection Tins 12X70g,https://www.tesco.com/groceries/en-GB/shop/pets/all?brand=Encore&viewAll=brand&page=
291046011,Encore Dog Food Special Selection Tins 5X156g,https://www.tesco.com/groceries/en-GB/shop/pets/all?brand=Encore&viewAll=brand&page=
295647267,Encore Cat Food Mixed Selection Tins 12X70g,https://www.tesco.com/groceries/en-GB/shop/pets/all?brand=Encore&viewAll=brand&page=
295226702,Encore Dog Food Beef Steak Tins Multipack 5X156g,https://www.tesco.com/groceries/en-GB/shop/pets/all?brand=Encore&viewAll=brand&page=
310097969,Encore Cat Fish Selection In Broth 5X50g,https://www.tesco.com/groceries/en-GB/shop/pets/all?brand=Encore&viewAll=brand&page=
311994539,Tesco Etched Paw Stainless Steel Bowl Non Slip 20Cm,https://www.tesco.com/groceries/en-GB/shop/pets/all?brand=Tesco&viewAll=brand&page=
312140092,Tesco Stainless Steel Bowl With Non Slip Base 11.5Cm,https://www.tesco.com/groceries/en-GB/shop/pets/all?brand=Tesco&viewAll=brand&page=
311994522,Tesco Etched Paw Stainless Steel Bowl Non Slip 12Cm,https://www.tesco.com/groceries/en-GB/shop/pets/all?brand=Tesco&viewAll=brand&page=
312140117,Tesco Stainless Steel Bowl With Non Slip Base 16.5Cm,https://www.tesco.com/groceries/en-GB/shop/pets/all?brand=Tesco&viewAll=brand&page=
311994551,Tesco Embossed Ceramic Bowl 10.3Cm,https://www.tesco.com/groceries/en-GB/shop/pets/all?brand=Tesco&viewAll=brand&page=
311994499,Tesco Pet Food Metal Cannister Large,https://www.tesco.com/groceries/en-GB/shop/pets/all?brand=Tesco&viewAll=brand&page=
311994574,Tesco Double Sided Blanket,https://www.tesco.com/groceries/en-GB/shop/pets/all?brand=Tesco&viewAll=brand&page=
311994516,Tesco Pet Food Metal Cannister Small,https://www.tesco.com/groceries/en-GB/shop/pets/all?brand=Tesco&viewAll=brand&page=
312140086,Tesco Etched Paw Stainless Steel Bowl Non Slip 17Cm,https://www.tesco.com/groceries/en-GB/shop/pets/all?brand=Tesco&viewAll=brand&page=
311994545,Tesco Embossed Paw Ceramic Bowl 13.5Cm,https://www.tesco.com/groceries/en-GB/shop/pets/all?brand=Tesco&viewAll=brand&page=
312140103,Tesco Stainless Steel Bowl With Non Slip Base 14Cm,https://www.tesco.com/groceries/en-GB/shop/pets/all?brand=Tesco&viewAll=brand&page=
311994507,Tesco Pet Food Metal Cannister Medium,https://www.tesco.com/groceries/en-GB/shop/pets/all?brand=Tesco&viewAll=brand&page=
291898966,Freshpet Chicken Vegetable Brown Rice Dog Food 680G,https://www.tesco.com/groceries/en-GB/shop/pets/all?brand=Freshpet&viewAll=brand&page=
291899268,Freshpet Chicken Spinach & Potato Dog Food 680G,https://www.tesco.com/groceries/en-GB/shop/pets/all?brand=Freshpet&viewAll=brand&page=
291899147,Freshpet Chicken Vegetable Turkey & Brown Rice Dog Food 680G,https://www.tesco.com/groceries/en-GB/shop/pets/all?brand=Freshpet&viewAll=brand&page=
305041127,Freshpet Small Dog Food Chicken & Turkey 454G,https://www.tesco.com/groceries/en-GB/shop/pets/all?brand=Freshpet&viewAll=brand&page=
305960449,Freshpet Multi Protein Chicken & Beef Dog Roll 680G,https://www.tesco.com/groceries/en-GB/shop/pets/all?brand=Freshpet&viewAll=brand&page=
299597457,Freshpet Select Small Dog Roasted Meals 454G,https://www.tesco.com/groceries/en-GB/shop/pets/all?brand=Freshpet&viewAll=brand&page=
291898880,Freshpet Chicken Vegetable Vegetable & Brown Rice Dog Food 454G,https://www.tesco.com/groceries/en-GB/shop/pets/all?brand=Freshpet&viewAll=brand&page=
291900262,Freshpet Roasted Meals Chicken & Vegetable Cat Food 454G,https://www.tesco.com/groceries/en-GB/shop/pets/all?brand=Freshpet&viewAll=brand&page=
295210974,"Freshpet Puppy Chicken, Vegetable And Rice Dog Food 680G",https://www.tesco.com/groceries/en-GB/shop/pets/all?brand=Freshpet&viewAll=brand&page=
305041719,Freshpet Small Dog Multi Protein With Sweet Potato 454G,https://www.tesco.com/groceries/en-GB/shop/pets/all?brand=Freshpet&viewAll=brand&page=
299597434,Freshpet Dog Joy Turkey Bacon 85G,https://www.tesco.com/groceries/en-GB/shop/pets/all?brand=Freshpet&viewAll=brand&page=
310179049,Scrumbles Chicken Complete Wet Dog Food 395G,https://www.tesco.com/groceries/en-GB/shop/pets/all?brand=Scrumbles&viewAll=brand&page=
310142899,Scrumbles Salmon Complete Wet Dog Food 395G,https://www.tesco.com/groceries/en-GB/shop/pets/all?brand=Scrumbles&viewAll=brand&page=
309456448,Scrumbles Nibbles Calming Dog Treats 100G,https://www.tesco.com/groceries/en-GB/shop/pets/all?brand=Scrumbles&viewAll=brand&page=
310168016,Scrumbles Turkey Complete Wet Dog Food 395G,https://www.tesco.com/groceries/en-GB/shop/pets/all?brand=Scrumbles&viewAll=brand&page=
310101983,Scrumbles Softies Training Treats 90G,https://www.tesco.com/groceries/en-GB/shop/pets/all?brand=Scrumbles&viewAll=brand&page=
310158656,Scrumbles Chicken Dry Cat Food 750G,https://www.tesco.com/groceries/en-GB/shop/pets/all?brand=Scrumbles&viewAll=brand&page=
310127745,Scrumbles Chicken With Salmon Dry Cat Food 750G,https://www.tesco.com/groceries/en-GB/shop/pets/all?brand=Scrumbles&viewAll=brand&page=
310122897,Scrumbles Gnashers Dental Dog Treats 160G,https://www.tesco.com/groceries/en-GB/shop/pets/all?brand=Scrumbles&viewAll=brand&page=
310142755,Scrumbles Salmon Dry Dog Food 2Kg,https://www.tesco.com/groceries/en-GB/shop/pets/all?brand=Scrumbles&viewAll=brand&page=
310180968,Scrumbles Chicken Dry Dog Food 2Kg,https://www.tesco.com/groceries/en-GB/shop/pets/all?brand=Scrumbles&viewAll=brand&page=
310190392,Scrumbles Softies Vegan Training Treats 90G,https://www.tesco.com/groceries/en-GB/shop/pets/all?brand=Scrumbles&viewAll=brand&page=
307163803,Winalot Meaty Chunks In Jelly Dog Food 12X100g,https://www.tesco.com/groceries/en-GB/shop/pets/all?brand=Winalot&viewAll=brand&page=
254906283,Winalot Shapes 800G,https://www.tesco.com/groceries/en-GB/shop/pets/all?brand=Winalot&viewAll=brand&page=
311942521,Winalot Small Dog Food Classic Meals In Gravy 12X100g,https://www.tesco.com/groceries/en-GB/shop/pets/all?brand=Winalot&viewAll=brand&page=
303205750,Winalot Sunday Dinner Dog Food 1.2Kg 12X100g,https://www.tesco.com/groceries/en-GB/shop/pets/all?brand=Winalot&viewAll=brand&page=
291683206,Winalot Dog Food Pouches Mixed In Gravy 12X100g,https://www.tesco.com/groceries/en-GB/shop/pets/all?brand=Winalot&viewAll=brand&page=
303334147,Winalot Dog Food Meat Selection In Gravy 40X100g,https://www.tesco.com/groceries/en-GB/shop/pets/all?brand=Winalot&viewAll=brand&page=
308842822,Winalot Senior Meat Mixed Cuts In Gravy Dog Food 12X100g,https://www.tesco.com/groceries/en-GB/shop/pets/all?brand=Winalot&viewAll=brand&page=
307163786,Winalot Meaty Chunks In Jelly Dog Food 40X100g,https://www.tesco.com/groceries/en-GB/shop/pets/all?brand=Winalot&viewAll=brand&page=
308856339,Winalot Pouch Sunday Dinner In Gravy 40X100g,https://www.tesco.com/groceries/en-GB/shop/pets/all?brand=Winalot&viewAll=brand&page=
311428612,Winalot Small Dog Food Classic Meals In Jelly 12X100g,https://www.tesco.com/groceries/en-GB/shop/pets/all?brand=Winalot&viewAll=brand&page=
309757455,Winalot Puppy Mixed In Gravy Dog Food 12X100g,https://www.tesco.com/groceries/en-GB/shop/pets/all?brand=Winalot&viewAll=brand&page=
295445206,Naturo Grain Free Chicken Tinned Dog Food 390G,https://www.tesco.com/groceries/en-GB/shop/pets/all?brand=Naturo&viewAll=brand&page=
284982560,Naturo Dog Food Variety 6X400g,https://www.tesco.com/groceries/en-GB/shop/pets/all?brand=Naturo&viewAll=brand&page=
298437062,Naturo Dog Grain Free Variety 400G 6 Pack,https://www.tesco.com/groceries/en-GB/shop/pets/all?brand=Naturo&viewAll=brand&page=
295747419,Naturo Grain Free Turkey With Cran Crrot 390G,https://www.tesco.com/groceries/en-GB/shop/pets/all?brand=Naturo&viewAll=brand&page=
309497687,Naturo Grain Free Beef Chicken In Herb Jelly 390G,https://www.tesco.com/groceries/en-GB/shop/pets/all?brand=Naturo&viewAll=brand&page=
295236143,Naturo Adult Dog Grain Free Chicken Potato & Vegetable 400G,https://www.tesco.com/groceries/en-GB/shop/pets/all?brand=Naturo&viewAll=brand&page=
278433747,Naturo Senior Turkey Rice & Vegetable 400G,https://www.tesco.com/groceries/en-GB/shop/pets/all?brand=Naturo&viewAll=brand&page=
278434061,Naturo Adult Lamb & Rice With Vegetable 400G,https://www.tesco.com/groceries/en-GB/shop/pets/all?brand=Naturo&viewAll=brand&page=
278433989,Naturo Adult Dog Chicken Lamb & Rice With Vegetable 400G,https://www.tesco.com/groceries/en-GB/shop/pets/all?brand=Naturo&viewAll=brand&page=
278434084,Naturo Adult Dog Duck & Rice With Vegetable 400G,https://www.tesco.com/groceries/en-GB/shop/pets/all?brand=Naturo&viewAll=brand&page=
250272628,Bob Martin Home Flea Spray 200Ml,https://www.tesco.com/groceries/en-GB/shop/pets/all?brand=Bob%20Martin&viewAll=brand&page=
302675349,Bob Martin Clear Plus Cat Flea & Tick 2 Tube,https://www.tesco.com/groceries/en-GB/shop/pets/all?brand=Bob%20Martin&viewAll=brand&page=
304374875,Bob Martin Clear 3 In 1 Wormer Dog 2 Tablets Pack,https://www.tesco.com/groceries/en-GB/shop/pets/all?brand=Bob%20Martin&viewAll=brand&page=
257938729,Bob Martin Spot On Dewormer For Cats 2 Tube,https://www.tesco.com/groceries/en-GB/shop/pets/all?brand=Bob%20Martin&viewAll=brand&page=
302675326,Bob Martin Clear Plus Large Dog 1 Tube,https://www.tesco.com/groceries/en-GB/shop/pets/all?brand=Bob%20Martin&viewAll=brand&page=
284685376,Bob Martin Flea Spot On Cat 24Wks,https://www.tesco.com/groceries/en-GB/shop/pets/all?brand=Bob%20Martin&viewAll=brand&page=
302675286,Bob Martin Clear Plus Small Dog 1 Tube,https://www.tesco.com/groceries/en-GB/shop/pets/all?brand=Bob%20Martin&viewAll=brand&page=
278465346,B/M Fleaclear Flea Spray Cat& Home 300Ml,https://www.tesco.com/groceries/en-GB/shop/pets/all?brand=Bob%20Martin&viewAll=brand&page=
302675303,Bob Martin Clear Plus Medium Dog 1 Tube,https://www.tesco.com/groceries/en-GB/shop/pets/all?brand=Bob%20Martin&viewAll=brand&page=
310138968,Denzel's Nut Butter Bites For Dogs 100G,https://www.tesco.com/groceries/en-GB/shop/pets/all?brand=Denzels&viewAll=brand&page=
310103186,Denzel's Soft & Squishy Dog Puppy Bites 100G,https://www.tesco.com/groceries/en-GB/shop/pets/all?brand=Denzels&viewAll=brand&page=
310184209,Denzel's Superfood Bites For Dogs 100G,https://www.tesco.com/groceries/en-GB/shop/pets/all?brand=Denzels&viewAll=brand&page=
312094952,Denzel's Christmas Gift Box For Dogs 175G,https://www.tesco.com/groceries/en-GB/shop/pets/all?brand=Denzels&viewAll=brand&page=
310094687,Denzel's Spring Bites Dog Treats 100G,https://www.tesco.com/groceries/en-GB/shop/pets/all?brand=Denzels&viewAll=brand&page=
310111723,Denzel's Nut Butter Chews For Dogs 4 Pack 75G,https://www.tesco.com/groceries/en-GB/shop/pets/all?brand=Denzels&viewAll=brand&page=
309745262,Denzel's Plant Based Bites For Dogs 100G,https://www.tesco.com/groceries/en-GB/shop/pets/all?brand=Denzels&viewAll=brand&page=
310163678,Denzel's 4 Soft Baked Pure Paleo Dog Chews 75G,https://www.tesco.com/groceries/en-GB/shop/pets/all?brand=Denzels&viewAll=brand&page=
310189141,Denzel's High Protein Bites For Dogs 100G,https://www.tesco.com/groceries/en-GB/shop/pets/all?brand=Denzels&viewAll=brand&page=
272409717,Webbox Lick-E-Lix Chicken 5X15g,https://www.tesco.com/groceries/en-GB/shop/pets/all?brand=Webbox&viewAll=brand&page=
273968871,Webbox Cats Delight 6 Sticks Salmon & Trout 30G,https://www.tesco.com/groceries/en-GB/shop/pets/all?brand=Webbox&viewAll=brand&page=
272409775,Webbox Lick-E-Lix Salmon 5X15g,https://www.tesco.com/groceries/en-GB/shop/pets/all?brand=Webbox&viewAll=brand&page=
273969023,Webbox Cat Sticks Chicken & Liver 6'S,https://www.tesco.com/groceries/en-GB/shop/pets/all?brand=Webbox&viewAll=brand&page=
303286762,Webbox Yogurt Lick-E-Lix Liver & Cat Grass 5X15g,https://www.tesco.com/groceries/en-GB/shop/pets/all?brand=Webbox&viewAll=brand&page=
306660504,Webbox Supreme Chub Roll Chicken & Turkey 720G,https://www.tesco.com/groceries/en-GB/shop/pets/all?brand=Webbox&viewAll=brand&page=
306662829,Webbox Supreme Chub Roll Beef & Lamb 720G,https://www.tesco.com/groceries/en-GB/shop/pets/all?brand=Webbox&viewAll=brand&page=
305526793,Webbox Wildlife Hedgehog Food 175G,https://www.tesco.com/groceries/en-GB/shop/pets/all?brand=Webbox&viewAll=brand&page=
305429827,Webbox Wildlife Swan & Duck Food 150G,https://www.tesco.com/groceries/en-GB/shop/pets/all?brand=Webbox&viewAll=brand&page=
295268934,Meowee Cat Toy Feather Mice Pack Of 3,https://www.tesco.com/groceries/en-GB/shop/pets/all?brand=Good%20Girl&viewAll=brand&page=
271331844,Good Girl Shades Of Steel Non Slip Cat Bowl,https://www.tesco.com/groceries/en-GB/shop/pets/all?brand=Good%20Girl&viewAll=brand&page=
295268836,Meowee Cat Toy Tunnel,https://www.tesco.com/groceries/en-GB/shop/pets/all?brand=Good%20Girl&viewAll=brand&page=
295268894,Meowee Cat Toy Dangley Flamingo,https://www.tesco.com/groceries/en-GB/shop/pets/all?brand=Good%20Girl&viewAll=brand&page=
299225410,Meowee Cat Batting Ball Stack Toy,https://www.tesco.com/groceries/en-GB/shop/pets/all?brand=Good%20Girl&viewAll=brand&page=
295268813,Meowee Cat Toy Tent,https://www.tesco.com/groceries/en-GB/shop/pets/all?brand=Good%20Girl&viewAll=brand&page=
271371986,Good Girl Cat Brush,https://www.tesco.com/groceries/en-GB/shop/pets/all?brand=Good%20Girl&viewAll=brand&page=
295268992,Meowee Cat Spotty Collar,https://www.tesco.com/groceries/en-GB/shop/pets/all?brand=Good%20Girl&viewAll=brand&page=
304387848,Petface Cat Litter Tray Liners 6Pack,https://www.tesco.com/groceries/en-GB/shop/pets/all?brand=Petface&viewAll=brand&page=
312106456,Pet Face Cary's Cracker Dog Toy,https://www.tesco.com/groceries/en-GB/shop/pets/all?brand=Petface&viewAll=brand&page=
304384886,Petface Cat Litter Scoop,https://www.tesco.com/groceries/en-GB/shop/pets/all?brand=Petface&viewAll=brand&page=
304412641,Petface Reindeer Christmas Dog Toy,https://www.tesco.com/groceries/en-GB/shop/pets/all?brand=Petface&viewAll=brand&page=
306931645,Petface Mini Dog Treats Antler Chicken Flavoured 4Pk100g,https://www.tesco.com/groceries/en-GB/shop/pets/all?brand=Petface&viewAll=brand&page=
304395699,Petface Litter Tray,https://www.tesco.com/groceries/en-GB/shop/pets/all?brand=Petface&viewAll=brand&page=
304374282,Petface Christmas Robin & Tree Cat Toy,https://www.tesco.com/groceries/en-GB/shop/pets/all?brand=Petface&viewAll=brand&page=
304793684,Petface Laser Chaser Cat Toy,https://www.tesco.com/groceries/en-GB/shop/pets/all?brand=Petface&viewAll=brand&page=
309496711,Go-Cat Adult Dry Cat Food Chicken And Duck 750G,https://www.tesco.com/groceries/en-GB/shop/pets/all?brand=Go%20Cat&viewAll=brand&page=
292631912,Go Cat Chicken & Duck 2Kg,https://www.tesco.com/groceries/en-GB/shop/pets/all?brand=Go%20Cat&viewAll=brand&page=
309492928,Go-Cat Crunchy & Tender Salmon Tuna Vegetable 900G,https://www.tesco.com/groceries/en-GB/shop/pets/all?brand=Go%20Cat&viewAll=brand&page=
309172518,Go-Cat Crunchy & Tender Beef Chicken Vegetable 900G,https://www.tesco.com/groceries/en-GB/shop/pets/all?brand=Go%20Cat&viewAll=brand&page=
309451436,Go-Cat Adult Dry Cat Food Tuna Herring & Vegetable 750G,https://www.tesco.com/groceries/en-GB/shop/pets/all?brand=Go%20Cat&viewAll=brand&page=
264375710,Go-Cat Senior Chicken & Rice & Vegetables 2Kg,https://www.tesco.com/groceries/en-GB/shop/pets/all?brand=Go%20Cat&viewAll=brand&page=
309454404,Go Cat Junior Dry Cat Food Chicken Milk & Vegetable 750G,https://www.tesco.com/groceries/en-GB/shop/pets/all?brand=Go%20Cat&viewAll=brand&page=
299512858,Peckish 6 Energy Balls 6X80g,https://www.tesco.com/groceries/en-GB/shop/pets/all?brand=Peckish&viewAll=brand&page=
302300886,Peckish No Grow Seed Mix 1.7Kg,https://www.tesco.com/groceries/en-GB/shop/pets/all?brand=Peckish&viewAll=brand&page=
299513609,Peckish Complete Suet Bites 1Kg,https://www.tesco.com/groceries/en-GB/shop/pets/all?brand=Peckish&viewAll=brand&page=
299513581,Peckish Daily Goodness Nuggets 1Kg,https://www.tesco.com/groceries/en-GB/shop/pets/all?brand=Peckish&viewAll=brand&page=
302292393,Peckish Natural Balance Energy Ball Feeder 320G,https://www.tesco.com/groceries/en-GB/shop/pets/all?brand=Peckish&viewAll=brand&page=
299513569,Peckish Complete Easy Feeder 400G,https://www.tesco.com/groceries/en-GB/shop/pets/all?brand=Peckish&viewAll=brand&page=
255086311,Hi Life Feed Me With Turkey & Chicken 2Kg,https://www.tesco.com/groceries/en-GB/shop/pets/all?brand=Hi%20Life&viewAll=brand&page=
298895722,Hilife Natural Jelly 5X100g ..,https://www.tesco.com/groceries/en-GB/shop/pets/all?brand=Hi%20Life&viewAll=brand&page=
298345026,Hilife Natural The Chicken One Cat Food 8X70g,https://www.tesco.com/groceries/en-GB/shop/pets/all?brand=Hi%20Life&viewAll=brand&page=
298345061,Hilife Natural The Tuna One Cat Food 8X70g,https://www.tesco.com/groceries/en-GB/shop/pets/all?brand=Hi%20Life&viewAll=brand&page=
298895745,Hilife Natural Multipack Broth 5X100g,https://www.tesco.com/groceries/en-GB/shop/pets/all?brand=Hi%20Life&viewAll=brand&page=
295236120,Wagg Training Treats Chicken Beef & Lamb 125G,https://www.tesco.com/groceries/en-GB/shop/pets/all?brand=Wagg&viewAll=brand&page=
265390488,Wagg Low Fat Dog Treats 125G,https://www.tesco.com/groceries/en-GB/shop/pets/all?brand=Wagg&viewAll=brand&page=
311797168,Wagg Adult Complete Meaty Goodness Beef Dinner 12Kg,https://www.tesco.com/groceries/en-GB/shop/pets/all?brand=Wagg&viewAll=brand&page=
311794315,Wagg Active Goodness Chicken Dog Food 12Kg,https://www.tesco.com/groceries/en-GB/shop/pets/all?brand=Wagg&viewAll=brand&page=
311807636,Wagg Active Goodness Beef Dog Food 12Kg,https://www.tesco.com/groceries/en-GB/shop/pets/all?brand=Wagg&viewAll=brand&page=
310098444,Frontline Spot On Cat Flea X1 0.5Ml,https://www.tesco.com/groceries/en-GB/shop/pets/all?brand=Frontline&viewAll=brand&page=
310187569,Frontline Spot On Large Dog Flea X1 2.68Ml,https://www.tesco.com/groceries/en-GB/shop/pets/all?brand=Frontline&viewAll=brand&page=
310185992,Frontline Spot On Medium Dog Flea X1 1.34Ml,https://www.tesco.com/groceries/en-GB/shop/pets/all?brand=Frontline&viewAll=brand&page=
310662652,Frontline Spot On Small Dog Flea Treatment 0.67Ml,https://www.tesco.com/groceries/en-GB/shop/pets/all?brand=Frontline&viewAll=brand&page=
309184585,Meowee 100% Chicken Breast Meat Cat Treats 10G,https://www.tesco.com/groceries/en-GB/shop/pets/all?brand=Meowee&viewAll=brand&page=
309789682,Meowee 100% Tuna Fish Cat Treats 10G,https://www.tesco.com/groceries/en-GB/shop/pets/all?brand=Meowee&viewAll=brand&page=
309749459,Meowee Meaty Advent Calendar For Cats 96G,https://www.tesco.com/groceries/en-GB/shop/pets/all?brand=Meowee&viewAll=brand&page=
309743362,Meowee Meaty Stocking For Cats,https://www.tesco.com/groceries/en-GB/shop/pets/all?brand=Meowee&viewAll=brand&page=
286782730,Adventuros Strips 90G,https://www.tesco.com/groceries/en-GB/shop/pets/all?brand=Adventuros&viewAll=brand&page=
286784526,Adventuros Sticks 120G,https://www.tesco.com/groceries/en-GB/shop/pets/all?brand=Adventuros&viewAll=brand&page=
286782592,Adventuros Nuggets 90G,https://www.tesco.com/groceries/en-GB/shop/pets/all?brand=Adventuros&viewAll=brand&page=
254906225,Bonio The Original Biscuit Dog Food 650G,https://www.tesco.com/groceries/en-GB/shop/pets/all?brand=Bonio&viewAll=brand&page=
257237977,Bonio The Original Biscuit Dog Food 1.2Kg,https://www.tesco.com/groceries/en-GB/shop/pets/all?brand=Bonio&viewAll=brand&page=
267073586,Bonio Chicken 650G,https://www.tesco.com/groceries/en-GB/shop/pets/all?brand=Bonio&viewAll=brand&page=
301443136,Burgess Excel Rabbit Nuggets 1.5Kg,https://www.tesco.com/groceries/en-GB/shop/pets/all?brand=Burgess&viewAll=brand&page=
301443159,Burgess Excel Feeding Hay With Meadow Flowers 500G,https://www.tesco.com/groceries/en-GB/shop/pets/all?brand=Burgess&viewAll=brand&page=
302183234,Burgess Hamster Gerbil & Mouse Food Mix 750G,https://www.tesco.com/groceries/en-GB/shop/pets/all?brand=Burgess&viewAll=brand&page=
260814123,Catsan Cat Litter 20 Litres,https://www.tesco.com/groceries/en-GB/shop/pets/all?brand=Catsan&viewAll=brand&page=
254960689,Catsan Cat Litter 10 Litres,https://www.tesco.com/groceries/en-GB/shop/pets/all?brand=Catsan&viewAll=brand&page=
262976935,Catsan Smart Pack 2 Packs,https://www.tesco.com/groceries/en-GB/shop/pets/all?brand=Catsan&viewAll=brand&page=
312350085,Keep It Handy Dog Poop Bag Refills 60 Pack,https://www.tesco.com/groceries/en-GB/shop/pets/all?brand=Keep%20It%20Handy&viewAll=brand&page=
312363916,Keep It Handy Dog Poop Bags And Holder,https://www.tesco.com/groceries/en-GB/shop/pets/all?brand=Keep%20It%20Handy&viewAll=brand&page=
306350704,Keep It Handy Portable Pet Bowl,https://www.tesco.com/groceries/en-GB/shop/pets/all?brand=Keep%20It%20Handy&viewAll=brand&page=
295196402,Perfect Fit Cat Complete Senior 7+ Chicken 750G,https://www.tesco.com/groceries/en-GB/shop/pets/all?brand=Perfect%20Fit&viewAll=brand&page=
295196327,Perfect Fit Cat Complete Adult 1+ Chicken 750G,https://www.tesco.com/groceries/en-GB/shop/pets/all?brand=Perfect%20Fit&viewAll=brand&page=
295196340,Perfect Fit Complete Adult 1+ Salmon 750G,https://www.tesco.com/groceries/en-GB/shop/pets/all?brand=Perfect%20Fit&viewAll=brand&page=
308109608,Tetra Pond Sticks 1L,https://www.tesco.com/groceries/en-GB/shop/pets/all?brand=Tetra&viewAll=brand&page=
308089613,Tetra Goldfish Flakes 250Ml,https://www.tesco.com/groceries/en-GB/shop/pets/all?brand=Tetra&viewAll=brand&page=
311941015,Tetra Mineral Tropical Fish Flakes 52G,https://www.tesco.com/groceries/en-GB/shop/pets/all?brand=Tetra&viewAll=brand&page=
305431530,Animology Dapper Dog Tutti Frutti Shampoo 250Ml,https://www.tesco.com/groceries/en-GB/shop/pets/all?brand=Animology&viewAll=brand&page=
305530509,Animology Mild Puppy Shampoo Baby Powder 250Ml,https://www.tesco.com/groceries/en-GB/shop/pets/all?brand=Animology&viewAll=brand&page=
252444060,Aquarian Goldfish Flake Food 50G,https://www.tesco.com/groceries/en-GB/shop/pets/all?brand=Aquarian&viewAll=brand&page=
252443988,Aquarian Tropical Fish Flakes 50G,https://www.tesco.com/groceries/en-GB/shop/pets/all?brand=Aquarian&viewAll=brand&page=
305056317,Crave Protein Strips Dog Treat Turkey & Chicken 55G,https://www.tesco.com/groceries/en-GB/shop/pets/all?brand=Crave&viewAll=brand&page=
304788155,Crave Dog Protein Chunks With Chicken 55G,https://www.tesco.com/groceries/en-GB/shop/pets/all?brand=Crave&viewAll=brand&page=
260622839,Rotastak 3 Carrot Nibble Sticks 95G,https://www.tesco.com/groceries/en-GB/shop/pets/all?brand=Rotastak&viewAll=brand&page=
260623026,Rotastak Honey Nut 3 Nibble Sticks 95G,https://www.tesco.com/groceries/en-GB/shop/pets/all?brand=Rotastak&viewAll=brand&page=
278068488,Vets Kitchen Adult Dog Chicken & Rice 3 Kilograms,https://www.tesco.com/groceries/en-GB/shop/pets/all?brand=Vets%20Kitchen&viewAll=brand&page=
287391459,Vet's Kitchen Pork & Potato 2.2Kg,https://www.tesco.com/groceries/en-GB/shop/pets/all?brand=Vets%20Kitchen&viewAll=brand&page=
312574540,Agriselect Wood Pellets Cat Litter 7L,https://www.tesco.com/groceries/en-GB/shop/pets/all?brand=Agriselect&viewAll=brand&page=
310671897,Core Supply Pet Licky Mat Assortment,https://www.tesco.com/groceries/en-GB/shop/pets/all?brand=Core%20Home&viewAll=brand&page=
310136509,Duerr's Peamutt Butter Peanut Butter For Dogs 340G,https://www.tesco.com/groceries/en-GB/shop/pets/all?brand=Duerr%27s&viewAll=brand&page=
308835324,Pascoes Tasty Chunks In Jelly 12X100g,https://www.tesco.com/groceries/en-GB/shop/pets/all?brand=Pascoe%27s&viewAll=brand&page=
310677329,Rosewood Pet Treat Toy Red,https://www.tesco.com/groceries/en-GB/shop/pets/all?brand=Rosewood&viewAll=brand&page=
311079727,Tesco Pet Toy Basket,https://www.tesco.com/groceries/en-GB/shop/pets/all?brand=Tesco%20Home&viewAll=brand&page=
260587673,Top Life Formula Puppy Milk 200Ml,https://www.tesco.com/groceries/en-GB/shop/pets/all?brand=Top%20Life&viewAll=brand&page=
295336318,Vanish Pet Expert Carpet Care Foam 600Ml,https://www.tesco.com/groceries/en-GB/shop/pets/all?brand=Vanish&viewAll=brand&page=
305835231,Bucktons Budgerigar Food Spiralife 500G,https://www.tesco.com/groceries/en-GB/shop/pets/all?brand=Westland&viewAll=brand&page=
308094036,Tesco Adult Chicken & Vegetables Dry Cat Food 2Kg,https://www.tesco.com/groceries/en-GB/shop/pets/all?brand=Tesco%20Pet&viewAll=brand&page=
262963985,Tesco Biscuit Bone Small Bite Selection 800G,https://www.tesco.com/groceries/en-GB/shop/pets/all?brand=Tesco%20Pet&viewAll=brand&page=
265754636,Tesco 12 Puppy Sausages Treats Beef 30G,https://www.tesco.com/groceries/en-GB/shop/pets/all?brand=Tesco%20Pet&viewAll=brand&page=
273674740,Tesco Tasty Treats 4 Small Log Bones With Chicken 180G,https://www.tesco.com/groceries/en-GB/shop/pets/all?brand=Tesco%20Pet&viewAll=brand&page=
263355119,Tesco 2 Filled Log Bone Dog Treats 200G,https://www.tesco.com/groceries/en-GB/shop/pets/all?brand=Tesco%20Pet&viewAll=brand&page=
286544270,Tesco Cat Sticks Treats Salmon & Trout 30G,https://www.tesco.com/groceries/en-GB/shop/pets/all?brand=Tesco%20Pet&viewAll=brand&page=
308087333,Tesco Adult Dog Loaf Selection 12 X 395G,https://www.tesco.com/groceries/en-GB/shop/pets/all?brand=Tesco%20Pet&viewAll=brand&page=
308464329,"Tesco Adult Dog Food Pate Selection Chicken, Beef & Lamb 12X150g",https://www.tesco.com/groceries/en-GB/shop/pets/all?brand=Tesco%20Pet&viewAll=brand&page=
308491319,Tesco Adult Cat Mixed Selection In Gravy 6X400g,https://www.tesco.com/groceries/en-GB/shop/pets/all?brand=Tesco%20Pet&viewAll=brand&page=
263422946,Tesco 28 Dental Sticks Medium Dog 720G,https://www.tesco.com/groceries/en-GB/shop/pets/all?brand=Tesco%20Pet&viewAll=brand&page=
308475064,Tesco Senior Cat 12X100g Fish Select In Jelly,https://www.tesco.com/groceries/en-GB/shop/pets/all?brand=Tesco%20Pet&viewAll=brand&page=
274746654,Tesco Chicken Cat Food Pate 100G,https://www.tesco.com/groceries/en-GB/shop/pets/all?brand=Tesco%20Pet&viewAll=brand&page=
308084935,Tesco Tasty Treats Pocket Pillows With Catnip 65G,https://www.tesco.com/groceries/en-GB/shop/pets/all?brand=Tesco%20Pet&viewAll=brand&page=
296983402,Tesco Large Meadow Hay Bedding 1.5Kg,https://www.tesco.com/groceries/en-GB/shop/pets/all?brand=Tesco%20Pet&viewAll=brand&page=
254906868,Tesco Beef & Country Vegetable Dry Dog Food 3Kg,https://www.tesco.com/groceries/en-GB/shop/pets/all?brand=Tesco%20Pet&viewAll=brand&page=
252757657,Tesco Biscuit Bones Large Bite Selection Dog Treats 1.2Kg,https://www.tesco.com/groceries/en-GB/shop/pets/all?brand=Tesco%20Pet&viewAll=brand&page=
307752135,Tesco Wild Bird Food Peanuts 1Kg,https://www.tesco.com/groceries/en-GB/shop/pets/all?brand=Tesco%20Pet&viewAll=brand&page=
274746988,Tesco Standard Pate With Salmon 100G,https://www.tesco.com/groceries/en-GB/shop/pets/all?brand=Tesco%20Pet&viewAll=brand&page=
308116594,Tesco Daily Dental 28 Large Dog Sticks 4X270g,https://www.tesco.com/groceries/en-GB/shop/pets/all?brand=Tesco%20Pet&viewAll=brand&page=
308481239,Tesco Adult Cat Pate With Turkey & Liver 100G,https://www.tesco.com/groceries/en-GB/shop/pets/all?brand=Tesco%20Pet&viewAll=brand&page=
308095909,Tesco Everyday Seed Mix 1Kg,https://www.tesco.com/groceries/en-GB/shop/pets/all?brand=Tesco%20Pet&viewAll=brand&page=
267704110,Tesco Dog Small Bite Mixer 1.8Kg,https://www.tesco.com/groceries/en-GB/shop/pets/all?brand=Tesco%20Pet&viewAll=brand&page=
308093129,Tesco Kitten Chicken & Rice Dry Food 1Kg,https://www.tesco.com/groceries/en-GB/shop/pets/all?brand=Tesco%20Pet&viewAll=brand&page=
307338223,Tesco Wild Bird Everyday Seed Mix 4Kg,https://www.tesco.com/groceries/en-GB/shop/pets/all?brand=Tesco%20Pet&viewAll=brand&page=
307736506,Good Boy Wagtastic Assorted Meat Strips 300G,https://www.tesco.com/groceries/en-GB/shop/pets/all?brand=Good%20Boy&viewAll=brand&page=
309747202,Good Boy Tough & Tasty Chicken Large Roll 80G,https://www.tesco.com/groceries/en-GB/shop/pets/all?brand=Good%20Boy&viewAll=brand&page=
309764187,Good Boy Wagtastic Light Up Snowball Toy,https://www.tesco.com/groceries/en-GB/shop/pets/all?brand=Good%20Boy&viewAll=brand&page=
306953233,Good Boy Hug Tug Reindeer Dog Toy,https://www.tesco.com/groceries/en-GB/shop/pets/all?brand=Good%20Boy&viewAll=brand&page=
306933637,Good Boy Wagtastic Moppy Robin Dog Toy,https://www.tesco.com/groceries/en-GB/shop/pets/all?brand=Good%20Boy&viewAll=brand&page=
309460143,Good Boy Wagtastic Real Meat Dog Stocking,https://www.tesco.com/groceries/en-GB/shop/pets/all?brand=Good%20Boy&viewAll=brand&page=
306665804,Good Boy Chewy Chicken Nibbles Dog Treats 70G,https://www.tesco.com/groceries/en-GB/shop/pets/all?brand=Good%20Boy&viewAll=brand&page=
306955732,Good Boy Treats Festive Beef Wellington 70G,https://www.tesco.com/groceries/en-GB/shop/pets/all?brand=Good%20Boy&viewAll=brand&page=
309788239,Good Boy Tough & Tasty Chicken Chomp Stix Treats 60G,https://www.tesco.com/groceries/en-GB/shop/pets/all?brand=Good%20Boy&viewAll=brand&page=
311939508,Good Boy Dog Treats Chicken & Broccoli 100G,https://www.tesco.com/groceries/en-GB/shop/pets/all?brand=Good%20Boy&viewAll=brand&page=
311783789,Good Boy Mini Chicken Dog Treats 60G,https://www.tesco.com/groceries/en-GB/shop/pets/all?brand=Good%20Boy&viewAll=brand&page=
306649605,Good Boy Meaty Variety Pack Dog Treats 70G,https://www.tesco.com/groceries/en-GB/shop/pets/all?brand=Good%20Boy&viewAll=brand&page=
298872755,Wagtastic Toy Squeaky Donut Dog Toy,https://www.tesco.com/groceries/en-GB/shop/pets/all?brand=Good%20Boy&viewAll=brand&page=
306661987,Good Boy Chicken Variety Pack Dog Treats 70G,https://www.tesco.com/groceries/en-GB/shop/pets/all?brand=Good%20Boy&viewAll=brand&page=
307734232,Good Boy Wagtastic Meaty Variety Pack 300G,https://www.tesco.com/groceries/en-GB/shop/pets/all?brand=Good%20Boy&viewAll=brand&page=
306499995,Good Boy Wagtastic Crinkl Legs Dog Toy,https://www.tesco.com/groceries/en-GB/shop/pets/all?brand=Good%20Boy&viewAll=brand&page=
311958952,Good Boy Chompers Unicorn Dog Treats 60G,https://www.tesco.com/groceries/en-GB/shop/pets/all?brand=Good%20Boy&viewAll=brand&page=
305435157,Good Boy Wagtastic Gnaw A Bone Dog Toy,https://www.tesco.com/groceries/en-GB/shop/pets/all?brand=Good%20Boy&viewAll=brand&page=
278128965,Good Boy Sponge Balls Pack 3,https://www.tesco.com/groceries/en-GB/shop/pets/all?brand=Good%20Boy&viewAll=brand&page=
305951012,Good Boy Wagtastic Squeak Vegetable Dog Toys,https://www.tesco.com/groceries/en-GB/shop/pets/all?brand=Good%20Boy&viewAll=brand&page=
299225530,Flexible Fun Large Dog Lead,https://www.tesco.com/groceries/en-GB/shop/pets/all?brand=Good%20Boy&viewAll=brand&page=
309460206,Good Boy Wagtastic Snake Dog Toy,https://www.tesco.com/groceries/en-GB/shop/pets/all?brand=Good%20Boy&viewAll=brand&page=
304383524,Good Boy Dog Toy Flashing Ball,https://www.tesco.com/groceries/en-GB/shop/pets/all?brand=Good%20Boy&viewAll=brand&page=
309759021,Good Boy Wagtastic Wild Tug Dog Toy,https://www.tesco.com/groceries/en-GB/shop/pets/all?brand=Good%20Boy&viewAll=brand&page=
305430992,Pedigree Jumbone Beef & Poultry Maxi 180G,https://www.tesco.com/groceries/en-GB/shop/pets/all?brand=Pedigree&viewAll=brand&page=
305434613,Pedigree Schmackos Fish Mix 20 Pack 144G,https://www.tesco.com/groceries/en-GB/shop/pets/all?brand=Pedigree&viewAll=brand&page=
284829985,Pedigree Pouch Jelly Puppy Pack 12X100g,https://www.tesco.com/groceries/en-GB/shop/pets/all?brand=Pedigree&viewAll=brand&page=
309202732,Pedigree Medium Dog Dentastix Chews 5 Pieces 128G,https://www.tesco.com/groceries/en-GB/shop/pets/all?brand=Pedigree&viewAll=brand&page=
309190174,Pedigree Denta Stix Large Dog 42 Sticks 1.62Kg,https://www.tesco.com/groceries/en-GB/shop/pets/all?brand=Pedigree&viewAll=brand&page=
309180785,Pedigree Large Dog Dentastix Chews 21 Pieces 810G,https://www.tesco.com/groceries/en-GB/shop/pets/all?brand=Pedigree&viewAll=brand&page=
259013148,Pedigree Senior Meaty Loaf Recipes 6 X 400G,https://www.tesco.com/groceries/en-GB/shop/pets/all?brand=Pedigree&viewAll=brand&page=
284829991,Pedigree Pouch Jelly Senior 12X100g,https://www.tesco.com/groceries/en-GB/shop/pets/all?brand=Pedigree&viewAll=brand&page=
312576682,Pedigree Ranchos Tree Dog Treats 52G,https://www.tesco.com/groceries/en-GB/shop/pets/all?brand=Pedigree&viewAll=brand&page=
261593180,Pedigree Daily Denta Stix Dog 56 Stick 1440G,https://www.tesco.com/groceries/en-GB/shop/pets/all?brand=Pedigree&viewAll=brand&page=
309190888,Pedigree Small Dog Dentastix Chews 35 Pieces 550G,https://www.tesco.com/groceries/en-GB/shop/pets/all?brand=Pedigree&viewAll=brand&page=
310166067,Pedigree Christmas Stocking Dog Treats 367G,https://www.tesco.com/groceries/en-GB/shop/pets/all?brand=Pedigree&viewAll=brand&page=
312712510,Pedigree Dog Treats Christmas Gift Box 512G,https://www.tesco.com/groceries/en-GB/shop/pets/all?brand=Pedigree&viewAll=brand&page=
268368839,Pedigree Puppy Cuts In Jelly 6X400g,https://www.tesco.com/groceries/en-GB/shop/pets/all?brand=Pedigree&viewAll=brand&page=
308831962,Pedigree Mixed Selection Dog Food In Gravy 12X100g,https://www.tesco.com/groceries/en-GB/shop/pets/all?brand=Pedigree&viewAll=brand&page=
250316371,Pedigree Meaty Loaf Multipack 6 X 400G,https://www.tesco.com/groceries/en-GB/shop/pets/all?brand=Pedigree&viewAll=brand&page=
311425598,Pedigree Small Dog Adult Dry Food Chicken & Vegetables 3Kg,https://www.tesco.com/groceries/en-GB/shop/pets/all?brand=Pedigree&viewAll=brand&page=
308856495,Pedigree Poultry Mixed Selection Dog Food 12X100g,https://www.tesco.com/groceries/en-GB/shop/pets/all?brand=Pedigree&viewAll=brand&page=
311448686,Pedigree Adult Dry Dog Food Chicken & Vegetable 3Kg,https://www.tesco.com/groceries/en-GB/shop/pets/all?brand=Pedigree&viewAll=brand&page=
309203506,Pedigree Denta Stix Large Dog 4 Sticks 154G,https://www.tesco.com/groceries/en-GB/shop/pets/all?brand=Pedigree&viewAll=brand&page=
309164782,Pedigree Denta Stix Small Dog 70 Sticks 1.1Kg,https://www.tesco.com/groceries/en-GB/shop/pets/all?brand=Pedigree&viewAll=brand&page=
256082498,Whiskas Pouch +1 Meat In Gravy 12X100g,https://www.tesco.com/groceries/en-GB/shop/pets/all?brand=Whiskas&viewAll=brand&page=
264234394,Whiskas Pouches Meat Selection In Jelly 12X100g,https://www.tesco.com/groceries/en-GB/shop/pets/all?brand=Whiskas&viewAll=brand&page=
255740073,Whiskas Crunch 100G,https://www.tesco.com/groceries/en-GB/shop/pets/all?brand=Whiskas&viewAll=brand&page=
255709708,Whiskas Temptations Salmon 60G,https://www.tesco.com/groceries/en-GB/shop/pets/all?brand=Whiskas&viewAll=brand&page=
260569574,Whiskas Kitten With Chicken 2Kg,https://www.tesco.com/groceries/en-GB/shop/pets/all?brand=Whiskas&viewAll=brand&page=
302873466,Whiskas 1+ Dry Cat Food Biscuits Salmon 1.9Kg,https://www.tesco.com/groceries/en-GB/shop/pets/all?brand=Whiskas&viewAll=brand&page=
302872444,Whiskas Cat Food 11+ Meat Selection Pouches 12X100g,https://www.tesco.com/groceries/en-GB/shop/pets/all?brand=Whiskas&viewAll=brand&page=
289131650,Whiskas 7+ Meat Selection In Gravy 12X100g,https://www.tesco.com/groceries/en-GB/shop/pets/all?brand=Whiskas&viewAll=brand&page=
284776142,Whiskas With Tuna 825G,https://www.tesco.com/groceries/en-GB/shop/pets/all?brand=Whiskas&viewAll=brand&page=
267079463,Felix As Good As It Looks Kitten Fish 12X100g,https://www.tesco.com/groceries/en-GB/shop/pets/all?brand=Felix&viewAll=brand&page=
307599989,Felix Crispies Cat Treats Beef & Chicken 180G,https://www.tesco.com/groceries/en-GB/shop/pets/all?brand=Felix&viewAll=brand&page=
255758628,Felix Pouches Poultry Selection In Jelly 12 X 100G,https://www.tesco.com/groceries/en-GB/shop/pets/all?brand=Felix&viewAll=brand&page=
312106485,Felix Naturally Delicious Cat Treat Chicken & Catnip 50G,https://www.tesco.com/groceries/en-GB/shop/pets/all?brand=Felix&viewAll=brand&page=
307303506,Felix Cat Naturally Delicious Farm Selection In Jelly 12X80g,https://www.tesco.com/groceries/en-GB/shop/pets/all?brand=Felix&viewAll=brand&page=
307303564,Felix Cat Naturally Delicious Poultry In Jelly 12X80g,https://www.tesco.com/groceries/en-GB/shop/pets/all?brand=Felix&viewAll=brand&page=
312559668,Felix Naturally Delicious Cat Treat Salmon & Spinach 50G,https://www.tesco.com/groceries/en-GB/shop/pets/all?brand=Felix&viewAll=brand&page=
312833954,Felix Special Purr-Esesnt 5 Treats 300G,https://www.tesco.com/groceries/en-GB/shop/pets/all?brand=Felix&viewAll=brand&page=
291613901,Good Boy Wagtastic Cuddle Friends,https://www.tesco.com/groceries/en-GB/shop/pets/all?brand=Wagtastic&viewAll=brand&page=
291622366,Good Boy Wagtastic Piggy Pal,https://www.tesco.com/groceries/en-GB/shop/pets/all?brand=Wagtastic&viewAll=brand&page=
291622337,Good Boy Wagtastic Squeaky Dumbell,https://www.tesco.com/groceries/en-GB/shop/pets/all?brand=Wagtastic&viewAll=brand&page=
295410242,Wagtastic Dog Toy Threads Crackle,https://www.tesco.com/groceries/en-GB/shop/pets/all?brand=Wagtastic&viewAll=brand&page=
295410305,Wagtastic Dog Toy Super Squeaky,https://www.tesco.com/groceries/en-GB/shop/pets/all?brand=Wagtastic&viewAll=brand&page=
291614249,Good Boy Wagtastic Hug Tugz,https://www.tesco.com/groceries/en-GB/shop/pets/all?brand=Wagtastic&viewAll=brand&page=
291624681,Good Boy Wagtastic Double Dog Brush,https://www.tesco.com/groceries/en-GB/shop/pets/all?brand=Wagtastic&viewAll=brand&page=
291623970,Good Boy Wagtastic Dog Collar & Lead,https://www.tesco.com/groceries/en-GB/shop/pets/all?brand=Wagtastic&viewAll=brand&page=
309464761,Lily's Kitchen Cat Tasty Cuts Chicken In Gravy 85G,https://www.tesco.com/groceries/en-GB/shop/pets/all?brand=Lily%27s%20Kitchen&viewAll=brand&page=
290051052,Lily's Kitchen Venison & Duck Dry Dog Food 1Kg,https://www.tesco.com/groceries/en-GB/shop/pets/all?brand=Lily%27s%20Kitchen&viewAll=brand&page=
309483202,Lily's Kitchen Cat Tasty Cuts Ocean Fish 85G,https://www.tesco.com/groceries/en-GB/shop/pets/all?brand=Lily%27s%20Kitchen&viewAll=brand&page=
309205251,Lily's Kitchen Cat Shredded Fillets Multipack 8X70g,https://www.tesco.com/groceries/en-GB/shop/pets/all?brand=Lily%27s%20Kitchen&viewAll=brand&page=
309451632,Lily's Kitchen Cat Tasty Cuts Mixed Multipack 8X85g,https://www.tesco.com/groceries/en-GB/shop/pets/all?brand=Lily%27s%20Kitchen&viewAll=brand&page=
309479185,Lily's Kitchen Breaktime Biscuits For Dogs 80G,https://www.tesco.com/groceries/en-GB/shop/pets/all?brand=Lily%27s%20Kitchen&viewAll=brand&page=
309475892,Lily's Kitchen Cat Shredded Fillets Chicken & Mussels 70G,https://www.tesco.com/groceries/en-GB/shop/pets/all?brand=Lily%27s%20Kitchen&viewAll=brand&page=
305744619,Gourmet Natures Creation Fish Recipe 8X85g,https://www.tesco.com/groceries/en-GB/shop/pets/all?brand=Gourmet&viewAll=brand&page=
305745359,Purina Gourmet Gold Senior Tinned Pate Salmon 8X85g,https://www.tesco.com/groceries/en-GB/shop/pets/all?brand=Gourmet&viewAll=brand&page=
303227188,Gourmet Gold Savoury Cake Meat 8X85g,https://www.tesco.com/groceries/en-GB/shop/pets/all?brand=Gourmet&viewAll=brand&page=
259503567,Gourmet Gold Chicken & Liver In Gravy 85G,https://www.tesco.com/groceries/en-GB/shop/pets/all?brand=Gourmet&viewAll=brand&page=
265372239,Gourmet Gold Salmon & Chicken In Gravy 85G,https://www.tesco.com/groceries/en-GB/shop/pets/all?brand=Gourmet&viewAll=brand&page=
294814359,Tesco Dog Pouch Chunks In Gravy 12 X100g,https://www.tesco.com/groceries/en-GB/shop/pets/all?brand=Tesco%20Pet&viewAll=brand&page=
308089567,Tesco Tasty Treats Pocket Pillows With Cheese 65G,https://www.tesco.com/groceries/en-GB/shop/pets/all?brand=Tesco%20Pet&viewAll=brand&page=
308097557,Tesco Tasty Treats Pocket Pillows With Chicken 65G,https://www.tesco.com/groceries/en-GB/shop/pets/all?brand=Tesco%20Pet&viewAll=brand&page=
305041778,Tesco Training Treats Chicken 160G,https://www.tesco.com/groceries/en-GB/shop/pets/all?brand=Tesco%20Pet&viewAll=brand&page=
308464209,Tesco Adult Cat Pate With White Fish 100G,https://www.tesco.com/groceries/en-GB/shop/pets/all?brand=Tesco%20Pet&viewAll=brand&page=
308117149,Tesco Wild Bird Coconut Feeder,https://www.tesco.com/groceries/en-GB/shop/pets/all?brand=Tesco%20Pet&viewAll=brand&page=
307742809,Tesco Senior Chicken & Vegetable Dry Cat Food 2Kg,https://www.tesco.com/groceries/en-GB/shop/pets/all?brand=Tesco%20Pet&viewAll=brand&page=
308079251,Tesco Adult Dog 12 Pate Selection Chicken Turkey Liver 1.8Kg,https://www.tesco.com/groceries/en-GB/shop/pets/all?brand=Tesco%20Pet&viewAll=brand&page=
308463251,Tesco Puppy Select 6X400g Cans,https://www.tesco.com/groceries/en-GB/shop/pets/all?brand=Tesco%20Pet&viewAll=brand&page=
308460922,Tesco Puppy With Chicken & Vegetables 3Kg,https://www.tesco.com/groceries/en-GB/shop/pets/all?brand=Tesco%20Pet&viewAll=brand&page=
284998835,Tesco Wild Bird Food Meal Worm 100G,https://www.tesco.com/groceries/en-GB/shop/pets/all?brand=Tesco%20Pet&viewAll=brand&page=
308470392,Tesco Adult Dog Chunks In Jelly Chicken 1.2Kg,https://www.tesco.com/groceries/en-GB/shop/pets/all?brand=Tesco%20Pet&viewAll=brand&page=
312221123,Nature's Choice Chicken With Vegetable Dog Food 390G,https://www.tesco.com/groceries/en-GB/shop/pets/all?brand=Tesco%20Pet&viewAll=brand&page=
312217935,Nature's Choice Turkey Liver & Vegetable Dog Food 390G,https://www.tesco.com/groceries/en-GB/shop/pets/all?brand=Tesco%20Pet&viewAll=brand&page=
312230164,"Nature's Choice Beef, Chicken & Vegetable Dog Food 390G",https://www.tesco.com/groceries/en-GB/shop/pets/all?brand=Tesco%20Pet&viewAll=brand&page=
308108736,Tesco Wild Bird Everyday Seed Mix 12.5Kg,https://www.tesco.com/groceries/en-GB/shop/pets/all?brand=Tesco%20Pet&viewAll=brand&page=
278701684,Tesco Dry Food Mixer Adult Dog 4Kg,https://www.tesco.com/groceries/en-GB/shop/pets/all?brand=Tesco%20Pet&viewAll=brand&page=
307754035,Tesco Wild Bird Sunflower Hearts 1Kg,https://www.tesco.com/groceries/en-GB/shop/pets/all?brand=Tesco%20Pet&viewAll=brand&page=
278702014,Tesco Senior With Chicken 3Kg,https://www.tesco.com/groceries/en-GB/shop/pets/all?brand=Tesco%20Pet&viewAll=brand&page=
284998340,Tesco Standard Wild Bird Food Suet Tray 300G,https://www.tesco.com/groceries/en-GB/shop/pets/all?brand=Tesco%20Pet&viewAll=brand&page=
308103217,Nature's Choice Lamb Dry Dog Food 2Kg,https://www.tesco.com/groceries/en-GB/shop/pets/all?brand=Tesco%20Pet&viewAll=brand&page=
308114567,Nature's Choice Turkey Dry Dog Food 2Kg,https://www.tesco.com/groceries/en-GB/shop/pets/all?brand=Tesco%20Pet&viewAll=brand&page=
308117570,Tesco Senior Dog Mixed Selection In Jelly 12X100g,https://www.tesco.com/groceries/en-GB/shop/pets/all?brand=Tesco%20Pet&viewAll=brand&page=
291125004,Tesco Beef Chunks In Gravy 300G,https://www.tesco.com/groceries/en-GB/shop/pets/all?brand=Tesco%20Pet&viewAll=brand&page=
309472549,Good Boy Wagtastic Flyer Dog Toy,https://www.tesco.com/groceries/en-GB/shop/pets/all?brand=Good%20Boy&viewAll=brand&page=
298872790,Wagtastic Toy Raggy Crinkle Dog Toy,https://www.tesco.com/groceries/en-GB/shop/pets/all?brand=Good%20Boy&viewAll=brand&page=
302217893,Good Boy Assorted Soft Woolies Dog Toy,https://www.tesco.com/groceries/en-GB/shop/pets/all?brand=Good%20Boy&viewAll=brand&page=
298872818,Wagtastic Toy Rope Dumbell Dog Toy,https://www.tesco.com/groceries/en-GB/shop/pets/all?brand=Good%20Boy&viewAll=brand&page=
309483179,Good Boy Wagtastic Cage Ball Dog Toy,https://www.tesco.com/groceries/en-GB/shop/pets/all?brand=Good%20Boy&viewAll=brand&page=
299225461,Flexible Fun Dog Lead Medium,https://www.tesco.com/groceries/en-GB/shop/pets/all?brand=Good%20Boy&viewAll=brand&page=
309786132,Good Boy Wagtastic Dino Dog Toy,https://www.tesco.com/groceries/en-GB/shop/pets/all?brand=Good%20Boy&viewAll=brand&page=
