Brand,Brand URL
Tesco,https://www.tesco.com/groceries/en-GB/shop/household/all?brand=Tesco&viewAll=brand&count=48&page=
Tesco Home,https://www.tesco.com/groceries/en-GB/shop/household/all?brand=Tesco%20Home&viewAll=brand&count=48&page=
Korbond,https://www.tesco.com/groceries/en-GB/shop/household/all?brand=Korbond&viewAll=brand&count=48&page=
Airwick,https://www.tesco.com/groceries/en-GB/shop/household/all?brand=Airwick&viewAll=brand&count=48&page=
Glade,https://www.tesco.com/groceries/en-GB/shop/household/all?brand=Glade&viewAll=brand&count=48&page=
ze,https://www.tesco.com/groceries/en-GB/shop/household/all?brand=Febreze&viewAll=brand&count=48&page=
airy,https://www.tesco.com/groceries/en-GB/shop/household/all?brand=Fairy&viewAll=brand&count=48&page=
Dettol,https://www.tesco.com/groceries/en-GB/shop/household/all?brand=Dettol&viewAll=brand&count=48&page=
CherryBlossom,https://www.tesco.com/groceries/en-GB/shop/household/all?brand=Cherry%20Blossom&viewAll=brand&count=48&page=
Comfort,https://www.tesco.com/groceries/en-GB/shop/household/all?brand=Comfort&viewAll=brand&count=48&page=
Yankee Candle,https://www.tesco.com/groceries/en-GB/shop/household/all?brand=Yankee%20Candle&viewAll=brand&count=48&page=
Lenor,https://www.tesco.com/groceries/en-GB/shop/household/all?brand=Lenor&viewAll=brand&count=48&page=
Spontex,https://www.tesco.com/groceries/en-GB/shop/household/all?brand=Spontex&viewAll=brand&count=48&page=
ash,https://www.tesco.com/groceries/en-GB/shop/household/all?brand=Flash&viewAll=brand&count=48&page=
Kleenex,https://www.tesco.com/groceries/en-GB/shop/household/all?brand=Kleenex&viewAll=brand&count=48&page=
Persil,https://www.tesco.com/groceries/en-GB/shop/household/all?brand=Persil&viewAll=brand&count=48&page=
nish,https://www.tesco.com/groceries/en-GB/shop/household/all?brand=Finish&viewAll=brand&count=48&page=
Andrex,https://www.tesco.com/groceries/en-GB/shop/household/all?brand=Andrex&viewAll=brand&count=48&page=
Ariel,https://www.tesco.com/groceries/en-GB/shop/household/all?brand=Ariel&viewAll=brand&count=48&page=
Minky,https://www.tesco.com/groceries/en-GB/shop/household/all?brand=Minky&viewAll=brand&count=48&page=
Vanish,https://www.tesco.com/groceries/en-GB/shop/household/all?brand=Vanish&viewAll=brand&count=48&page=
Bold,https://www.tesco.com/groceries/en-GB/shop/household/all?brand=Bold&viewAll=brand&count=48&page=
Philips,https://www.tesco.com/groceries/en-GB/shop/household/all?brand=Philips&viewAll=brand&count=48&page=
Bloo,https://www.tesco.com/groceries/en-GB/shop/household/all?brand=Bloo&viewAll=brand&count=48&page=
Duck,https://www.tesco.com/groceries/en-GB/shop/household/all?brand=Duck&viewAll=brand&count=48&page=
Method,https://www.tesco.com/groceries/en-GB/shop/household/all?brand=Method&viewAll=brand&count=48&page=
Mighty Mat,https://www.tesco.com/groceries/en-GB/shop/household/all?brand=Mighty%20Mat&viewAll=brand&count=48&page=
Domestos,https://www.tesco.com/groceries/en-GB/shop/household/all?brand=Domestos&viewAll=brand&count=48&page=
Natures Wick,https://www.tesco.com/groceries/en-GB/shop/household/all?brand=Natures%20Wick&viewAll=brand&count=48&page=
Cif,https://www.tesco.com/groceries/en-GB/shop/household/all?brand=Cif&viewAll=brand&count=48&page=
Hg,https://www.tesco.com/groceries/en-GB/shop/household/all?brand=Hg&viewAll=brand&count=48&page=
Keep It Handy,https://www.tesco.com/groceries/en-GB/shop/household/all?brand=Keep%20It%20Handy&viewAll=brand&count=48&page=
Mr Muscle,https://www.tesco.com/groceries/en-GB/shop/household/all?brand=Mr%20Muscle&viewAll=brand&count=48&page=
Ocean Saver,https://www.tesco.com/groceries/en-GB/shop/household/all?brand=Ocean%20Saver&viewAll=brand&count=48&page=
Sistema,https://www.tesco.com/groceries/en-GB/shop/household/all?brand=Sistema&viewAll=brand&count=48&page=
Surf,https://www.tesco.com/groceries/en-GB/shop/household/all?brand=Surf&viewAll=brand&count=48&page=
Curver,https://www.tesco.com/groceries/en-GB/shop/household/all?brand=Curver&viewAll=brand&count=48&page=
Cushelle,https://www.tesco.com/groceries/en-GB/shop/household/all?brand=Cushelle&viewAll=brand&count=48&page=
Ecover,https://www.tesco.com/groceries/en-GB/shop/household/all?brand=Ecover&viewAll=brand&count=48&page=
Zoflora,https://www.tesco.com/groceries/en-GB/shop/household/all?brand=Zoflora&viewAll=brand&count=48&page=
Whatmore,https://www.tesco.com/groceries/en-GB/shop/household/all?brand=Whatmore&viewAll=brand&count=48&page=
Vileda,https://www.tesco.com/groceries/en-GB/shop/household/all?brand=Vileda&viewAll=brand&count=48&page=
Dishmatic,https://www.tesco.com/groceries/en-GB/shop/household/all?brand=Dishmatic&viewAll=brand&count=48&page=
Dr Beckmann,https://www.tesco.com/groceries/en-GB/shop/household/all?brand=Dr%20Beckmann&viewAll=brand&count=48&page=
Harpic,https://www.tesco.com/groceries/en-GB/shop/household/all?brand=Harpic&viewAll=brand&count=48&page=
Neat,https://www.tesco.com/groceries/en-GB/shop/household/all?brand=Neat&viewAll=brand&count=48&page=
Plenty,https://www.tesco.com/groceries/en-GB/shop/household/all?brand=Plenty&viewAll=brand&count=48&page=
Profoot,https://www.tesco.com/groceries/en-GB/shop/household/all?brand=Profoot&viewAll=brand&count=48&page=
Hinch,https://www.tesco.com/groceries/en-GB/shop/household/all?brand=Hinch&viewAll=brand&count=48&page=
Marigold,https://www.tesco.com/groceries/en-GB/shop/household/all?brand=Marigold&viewAll=brand&count=48&page=
Raid,https://www.tesco.com/groceries/en-GB/shop/household/all?brand=Raid&viewAll=brand&count=48&page=
Scrub Daddy,https://www.tesco.com/groceries/en-GB/shop/household/all?brand=Scrub%20Daddy&viewAll=brand&count=48&page=
Smash,https://www.tesco.com/groceries/en-GB/shop/household/all?brand=Smash&viewAll=brand&count=48&page=
Springforce,https://www.tesco.com/groceries/en-GB/shop/household/all?brand=Springforce&viewAll=brand&count=48&page=
Stardrops,https://www.tesco.com/groceries/en-GB/shop/household/all?brand=Stardrops&viewAll=brand&count=48&page=
Beast,https://www.tesco.com/groceries/en-GB/shop/household/all?brand=Beast&viewAll=brand&count=48&page=
Cillit Bang,https://www.tesco.com/groceries/en-GB/shop/household/all?brand=Cillit%20Bang&viewAll=brand&count=48&page=
Clean & Fresh,https://www.tesco.com/groceries/en-GB/shop/household/all?brand=Clean%20%26%20Fresh&viewAll=brand&count=48&page=
Contigo,https://www.tesco.com/groceries/en-GB/shop/household/all?brand=Contigo&viewAll=brand&count=48&page=
Ecoegg,https://www.tesco.com/groceries/en-GB/shop/household/all?brand=Ecoegg&viewAll=brand&count=48&page=
Regina,https://www.tesco.com/groceries/en-GB/shop/household/all?brand=Regina&viewAll=brand&count=48&page=
Yankee,https://www.tesco.com/groceries/en-GB/shop/household/all?brand=Yankee&viewAll=brand&count=48&page=
Zip,https://www.tesco.com/groceries/en-GB/shop/household/all?brand=Zip&viewAll=brand&count=48&page=
Air Wick,https://www.tesco.com/groceries/en-GB/shop/household/all?brand=Air%20Wick&viewAll=brand&count=48&page=
Core Kitchen,https://www.tesco.com/groceries/en-GB/shop/household/all?brand=Core%20Kitchen&viewAll=brand&count=48&page=
Daz,https://www.tesco.com/groceries/en-GB/shop/household/all?brand=Daz&viewAll=brand&count=48&page=
Hygex,https://www.tesco.com/groceries/en-GB/shop/household/all?brand=Hygex&viewAll=brand&count=48&page=
Odor Eaters,https://www.tesco.com/groceries/en-GB/shop/household/all?brand=Odor%20Eaters&viewAll=brand&count=48&page=
Pledge,https://www.tesco.com/groceries/en-GB/shop/household/all?brand=Pledge&viewAll=brand&count=48&page=
Polylina,https://www.tesco.com/groceries/en-GB/shop/household/all?brand=Polylina&viewAll=brand&count=48&page=
Prices,https://www.tesco.com/groceries/en-GB/shop/household/all?brand=Prices&viewAll=brand&count=48&page=
Primeur,https://www.tesco.com/groceries/en-GB/shop/household/all?brand=Primeur&viewAll=brand&count=48&page=
Surcare,https://www.tesco.com/groceries/en-GB/shop/household/all?brand=Surcare&viewAll=brand&count=48&page=
Calgon,https://www.tesco.com/groceries/en-GB/shop/household/all?brand=Calgon&viewAll=brand&count=48&page=
ox & Ivy,https://www.tesco.com/groceries/en-GB/shop/household/all?brand=Fox%20%26%20Ivy&viewAll=brand&count=48&page=
Joie,https://www.tesco.com/groceries/en-GB/shop/household/all?brand=Joie&viewAll=brand&count=48&page=
Lifebuoy,https://www.tesco.com/groceries/en-GB/shop/household/all?brand=Lifebuoy&viewAll=brand&count=48&page=
Newell,https://www.tesco.com/groceries/en-GB/shop/household/all?brand=Newell&viewAll=brand&count=48&page=
Reynolds,https://www.tesco.com/groceries/en-GB/shop/household/all?brand=Reynolds&viewAll=brand&count=48&page=
Silvex,https://www.tesco.com/groceries/en-GB/shop/household/all?brand=Silvex&viewAll=brand&count=48&page=
Supplier,https://www.tesco.com/groceries/en-GB/shop/household/all?brand=Supplier&viewAll=brand&count=48&page=
Toastabags,https://www.tesco.com/groceries/en-GB/shop/household/all?brand=Toastabags&viewAll=brand&count=48&page=
Tontarelli,https://www.tesco.com/groceries/en-GB/shop/household/all?brand=Tontarelli&viewAll=brand&count=48&page=
Viakal,https://www.tesco.com/groceries/en-GB/shop/household/all?brand=Viakal&viewAll=brand&count=48&page=
1001,https://www.tesco.com/groceries/en-GB/shop/household/all?brand=1001&viewAll=brand&count=48&page=
Ace,https://www.tesco.com/groceries/en-GB/shop/household/all?brand=Ace&viewAll=brand&count=48&page=
Ambi Pur,https://www.tesco.com/groceries/en-GB/shop/household/all?brand=Ambi%20Pur&viewAll=brand&count=48&page=
Aria,https://www.tesco.com/groceries/en-GB/shop/household/all?brand=Aria&viewAll=brand&count=48&page=
Bacofoil,https://www.tesco.com/groceries/en-GB/shop/household/all?brand=Bacofoil&viewAll=brand&count=48&page=
Brillo,https://www.tesco.com/groceries/en-GB/shop/household/all?brand=Brillo&viewAll=brand&count=48&page=
Bryant & May,https://www.tesco.com/groceries/en-GB/shop/household/all?brand=Bryant%20%26%20May&viewAll=brand&count=48&page=
Buster,https://www.tesco.com/groceries/en-GB/shop/household/all?brand=Buster&viewAll=brand&count=48&page=
Cooks Matches,https://www.tesco.com/groceries/en-GB/shop/household/all?brand=Cooks%20Matches&viewAll=brand&count=48&page=
Cricket,https://www.tesco.com/groceries/en-GB/shop/household/all?brand=Cricket&viewAll=brand&count=48&page=
Dylon,https://www.tesco.com/groceries/en-GB/shop/household/all?brand=Dylon&viewAll=brand&count=48&page=
Dymo,https://www.tesco.com/groceries/en-GB/shop/household/all?brand=Dymo&viewAll=brand&count=48&page=
Goddards,https://www.tesco.com/groceries/en-GB/shop/household/all?brand=Goddards&viewAll=brand&count=48&page=
Henry,https://www.tesco.com/groceries/en-GB/shop/household/all?brand=Henry&viewAll=brand&count=48&page=
Hero,https://www.tesco.com/groceries/en-GB/shop/household/all?brand=Hero&viewAll=brand&count=48&page=
Jeyes,https://www.tesco.com/groceries/en-GB/shop/household/all?brand=Jeyes&viewAll=brand&count=48&page=
Little Duck,https://www.tesco.com/groceries/en-GB/shop/household/all?brand=Little%20Duck&viewAll=brand&count=48&page=
Lord Sheraton,https://www.tesco.com/groceries/en-GB/shop/household/all?brand=Lord%20Sheraton&viewAll=brand&count=48&page=
Lumiere,https://www.tesco.com/groceries/en-GB/shop/household/all?brand=Lumiere&viewAll=brand&count=48&page=
Maped,https://www.tesco.com/groceries/en-GB/shop/household/all?brand=Maped&viewAll=brand&count=48&page=
Minecraft,https://www.tesco.com/groceries/en-GB/shop/household/all?brand=Minecraft&viewAll=brand&count=48&page=
Monarch,https://www.tesco.com/groceries/en-GB/shop/household/all?brand=Monarch&viewAll=brand&count=48&page=
Napisan,https://www.tesco.com/groceries/en-GB/shop/household/all?brand=Napisan&viewAll=brand&count=48&page=
Neutradol,https://www.tesco.com/groceries/en-GB/shop/household/all?brand=Neutradol&viewAll=brand&count=48&page=
Nice & Clean,https://www.tesco.com/groceries/en-GB/shop/household/all?brand=Nice%20%26%20Clean&viewAll=brand&count=48&page=
Nimble,https://www.tesco.com/groceries/en-GB/shop/household/all?brand=Nimble&viewAll=brand&count=48&page=
Oust,https://www.tesco.com/groceries/en-GB/shop/household/all?brand=Oust&viewAll=brand&count=48&page=
Ovenpride,https://www.tesco.com/groceries/en-GB/shop/household/all?brand=Ovenpride&viewAll=brand&count=48&page=
Poppell,https://www.tesco.com/groceries/en-GB/shop/household/all?brand=Poppell&viewAll=brand&count=48&page=
Sister,https://www.tesco.com/groceries/en-GB/shop/household/all?brand=Sister&viewAll=brand&count=48&page=
Thermos,https://www.tesco.com/groceries/en-GB/shop/household/all?brand=Thermos&viewAll=brand&count=48&page=
Velvet,https://www.tesco.com/groceries/en-GB/shop/household/all?brand=Velvet&viewAll=brand&count=48&page=
Wood Silk,https://www.tesco.com/groceries/en-GB/shop/household/all?brand=Wood%20Silk&viewAll=brand&count=48&page=
Woolite,https://www.tesco.com/groceries/en-GB/shop/household/all?brand=Woolite&viewAll=brand&count=48&page=
